relative_path,variable,storage_dtype,shape,definition,unit,semantic_status,missing_value_note
data/figure_source_data/02a32220c192_by_seed.csv,study,CSV text/parsed scalar,60 rows,Study identifier,identifier,VERIFIED_FROM_MANUSCRIPT_OR_FIELD,Blank/NaN values retain evaluator meaning; consult generating code
data/figure_source_data/02a32220c192_by_seed.csv,run_id,CSV text/parsed scalar,60 rows,Archived run identifier,identifier,VERIFIED_FROM_MANUSCRIPT_OR_FIELD,Blank/NaN values retain evaluator meaning; consult generating code
data/figure_source_data/02a32220c192_by_seed.csv,seed,CSV text/parsed scalar,60 rows,Training random seed,identifier,VERIFIED_FROM_MANUSCRIPT_OR_FIELD,Blank/NaN values retain evaluator meaning; consult generating code
data/figure_source_data/02a32220c192_by_seed.csv,role,CSV text/parsed scalar,60 rows,Model role in the cumulative construction,identifier,VERIFIED_FROM_MANUSCRIPT_OR_FIELD,Blank/NaN values retain evaluator meaning; consult generating code
data/figure_source_data/02a32220c192_by_seed.csv,S_rel_l2,CSV text/parsed scalar,60 rows,Dimensionless or normalized diagnostic; exact normalization is defined in the originating evaluator,1,DERIVED_REQUIRES_EVALUATOR_REFERENCE,Blank/NaN values retain evaluator meaning; consult generating code
data/figure_source_data/02a32220c192_by_seed.csv,S_RMSE_front_band,CSV text/parsed scalar,60 rows,Dimensionless or normalized diagnostic; exact normalization is defined in the originating evaluator,1,DERIVED_REQUIRES_EVALUATOR_REFERENCE,Blank/NaN values retain evaluator meaning; consult generating code
data/figure_source_data/02a32220c192_by_seed.csv,conditional_chamfer_m,CSV text/parsed scalar,60 rows,Conditional symmetric front-contour Chamfer distance,m,VERIFIED_FROM_MANUSCRIPT_OR_FIELD,Blank/NaN values retain evaluator meaning; consult generating code
data/figure_source_data/02a32220c192_by_seed.csv,p_tilde_rel_l2,CSV text/parsed scalar,60 rows,Nondimensional-pressure diagnostic identified by the originating evaluator,1,DERIVED_REQUIRES_EVALUATOR_REFERENCE,Blank/NaN values retain evaluator meaning; consult generating code
data/figure_source_data/02a32220c192_by_seed.csv,p_phys_RMSE_MPa,CSV text/parsed scalar,60 rows,Physical-pressure root-mean-square error,MPa,VERIFIED_FROM_MANUSCRIPT_OR_FIELD,Blank/NaN values retain evaluator meaning; consult generating code
data/figure_source_data/02a32220c192_by_seed.csv,local_FV_CO2_RMSE,CSV text/parsed scalar,60 rows,Dimensionless or normalized diagnostic; exact normalization is defined in the originating evaluator,1,DERIVED_REQUIRES_EVALUATOR_REFERENCE,Blank/NaN values retain evaluator meaning; consult generating code
data/figure_source_data/02a32220c192_by_seed.csv,CO2_mass_rel_error_mean,CSV text/parsed scalar,60 rows,Mean CO2 inventory relative error,1,VERIFIED_FROM_MANUSCRIPT_OR_FIELD,Blank/NaN values retain evaluator meaning; consult generating code
data/figure_source_data/02a32220c192_by_seed.csv,wall_time_hours,CSV text/parsed scalar,60 rows,Time or runtime quantity identified by the originating evaluator,h,UNIT_VERIFIED_DEFINITION_DERIVED,Blank/NaN values retain evaluator meaning; consult generating code
data/figure_source_data/02a32220c192_by_seed.csv,oscillation_std_log10_tail,CSV text/parsed scalar,60 rows,Standard deviation of log10 total loss over the archived tail window,1,VERIFIED_FROM_MANUSCRIPT_OR_FIELD,Blank/NaN values retain evaluator meaning; consult generating code
data/figure_source_data/02a32220c192_by_seed.csv,max_gpu_max_alloc_gb,CSV text/parsed scalar,60 rows,Maximum recorded GPU memory allocation,GB,VERIFIED_FROM_MANUSCRIPT_OR_FIELD,Blank/NaN values retain evaluator meaning; consult generating code
data/figure_source_data/02a32220c192_by_seed.csv,trainable_params,CSV text/parsed scalar,60 rows,Number of trainable model parameters,count,VERIFIED_FROM_MANUSCRIPT_OR_FIELD,Blank/NaN values retain evaluator meaning; consult generating code
data/figure_source_data/0577272f5dac_snapshot_metadata.json,label,str,scalar or nested JSON,Display label,text,VERIFIED_FROM_MANUSCRIPT_OR_FIELD,JSON null if present
data/figure_source_data/0577272f5dac_snapshot_metadata.json,run_id,str,scalar or nested JSON,Archived run identifier,identifier,VERIFIED_FROM_MANUSCRIPT_OR_FIELD,JSON null if present
data/figure_source_data/0577272f5dac_snapshot_metadata.json,exp_name,str,scalar or nested JSON,Experiment identifier,identifier,VERIFIED_FROM_MANUSCRIPT_OR_FIELD,JSON null if present
data/figure_source_data/0577272f5dac_snapshot_metadata.json,training_strategy,str,scalar or nested JSON,Training-strategy identifier,identifier,VERIFIED_FROM_MANUSCRIPT_OR_FIELD,JSON null if present
data/figure_source_data/0577272f5dac_snapshot_metadata.json,leave_out,str,scalar or nested JSON,Leave-one-out component identifier,identifier,VERIFIED_FROM_MANUSCRIPT_OR_FIELD,JSON null if present
data/figure_source_data/0577272f5dac_snapshot_metadata.json,checkpoint,str,scalar or nested JSON,Checkpoint locator captured in the source metadata,path,VERIFIED_FROM_MANUSCRIPT_OR_FIELD,JSON null if present
data/figure_source_data/0577272f5dac_snapshot_metadata.json,times,list,scalar or nested JSON,Nested list of selected snapshot tags and physical times,JSON object,VERIFIED_FROM_MANUSCRIPT_OR_FIELD,JSON null if present
data/figure_source_data/0ee49018e840_final.npz,X,float64,500x500,Cartesian x-coordinate on the 500 x 500 display grid,m,VERIFIED_FROM_MANUSCRIPT_OR_FIELD,None
data/figure_source_data/0ee49018e840_final.npz,Y,float64,500x500,Cartesian y-coordinate on the 500 x 500 display grid,m,VERIFIED_FROM_MANUSCRIPT_OR_FIELD,None
data/figure_source_data/0ee49018e840_final.npz,p_true,float64,500x500,IC-FERST reference pressure,Pa,VERIFIED_FROM_MANUSCRIPT_OR_FIELD,4004 NaN values; in 500 x 500 fields these mask excluded well interiors
data/figure_source_data/0ee49018e840_final.npz,p_pred,float64,500x500,PINN-predicted physical pressure,Pa,VERIFIED_FROM_MANUSCRIPT_OR_FIELD,4004 NaN values; in 500 x 500 fields these mask excluded well interiors
data/figure_source_data/0ee49018e840_final.npz,p_error,float64,500x500,"Signed pressure error, prediction minus reference",Pa,VERIFIED_FROM_MANUSCRIPT_OR_FIELD,4004 NaN values; in 500 x 500 fields these mask excluded well interiors
data/figure_source_data/0ee49018e840_final.npz,S_true,float64,500x500,IC-FERST reference CO2 saturation,1,VERIFIED_FROM_MANUSCRIPT_OR_FIELD,4004 NaN values; in 500 x 500 fields these mask excluded well interiors
data/figure_source_data/0ee49018e840_final.npz,S_pred,float64,500x500,PINN-predicted CO2 saturation,1,VERIFIED_FROM_MANUSCRIPT_OR_FIELD,4004 NaN values; in 500 x 500 fields these mask excluded well interiors
data/figure_source_data/0ee49018e840_final.npz,S_error,float64,500x500,"Signed CO2-saturation error, prediction minus reference",1,VERIFIED_FROM_MANUSCRIPT_OR_FIELD,4004 NaN values; in 500 x 500 fields these mask excluded well interiors
data/figure_source_data/0ee49018e840_final.npz,time_seconds,float64,scalar,Physical simulation time,s,VERIFIED_FROM_MANUSCRIPT_OR_FIELD,None
data/figure_source_data/0ee49018e840_final.npz,time_display,float64,scalar,Physical simulation time in the unit named by time_unit,see time_unit,VERIFIED_FROM_MANUSCRIPT_OR_FIELD,None
data/figure_source_data/0ee49018e840_final.npz,time_unit,<U4,scalar,Unit label for time_display,text,VERIFIED_FROM_MANUSCRIPT_OR_FIELD,None
data/figure_source_data/0ee49018e840_snapshot_grid.npz,X,float64,500x500,Cartesian x-coordinate on the 500 x 500 display grid,m,VERIFIED_FROM_MANUSCRIPT_OR_FIELD,None
data/figure_source_data/0ee49018e840_snapshot_grid.npz,Y,float64,500x500,Cartesian y-coordinate on the 500 x 500 display grid,m,VERIFIED_FROM_MANUSCRIPT_OR_FIELD,None
data/figure_source_data/0ee49018e840_snapshot_grid.npz,p_true,float64,500x500,IC-FERST reference pressure,Pa,VERIFIED_FROM_MANUSCRIPT_OR_FIELD,4004 NaN values; in 500 x 500 fields these mask excluded well interiors
data/figure_source_data/0ee49018e840_snapshot_grid.npz,p_pred,float64,500x500,PINN-predicted physical pressure,Pa,VERIFIED_FROM_MANUSCRIPT_OR_FIELD,4004 NaN values; in 500 x 500 fields these mask excluded well interiors
data/figure_source_data/0ee49018e840_snapshot_grid.npz,p_error,float64,500x500,"Signed pressure error, prediction minus reference",Pa,VERIFIED_FROM_MANUSCRIPT_OR_FIELD,4004 NaN values; in 500 x 500 fields these mask excluded well interiors
data/figure_source_data/0ee49018e840_snapshot_grid.npz,S_true,float64,500x500,IC-FERST reference CO2 saturation,1,VERIFIED_FROM_MANUSCRIPT_OR_FIELD,4004 NaN values; in 500 x 500 fields these mask excluded well interiors
data/figure_source_data/0ee49018e840_snapshot_grid.npz,S_pred,float64,500x500,PINN-predicted CO2 saturation,1,VERIFIED_FROM_MANUSCRIPT_OR_FIELD,4004 NaN values; in 500 x 500 fields these mask excluded well interiors
data/figure_source_data/0ee49018e840_snapshot_grid.npz,S_error,float64,500x500,"Signed CO2-saturation error, prediction minus reference",1,VERIFIED_FROM_MANUSCRIPT_OR_FIELD,4004 NaN values; in 500 x 500 fields these mask excluded well interiors
data/figure_source_data/0ee49018e840_snapshot_grid.npz,time_seconds,float64,scalar,Physical simulation time,s,VERIFIED_FROM_MANUSCRIPT_OR_FIELD,None
data/figure_source_data/0ee49018e840_snapshot_grid.npz,time_display,float64,scalar,Physical simulation time in the unit named by time_unit,see time_unit,VERIFIED_FROM_MANUSCRIPT_OR_FIELD,None
data/figure_source_data/0ee49018e840_snapshot_grid.npz,time_unit,<U4,scalar,Unit label for time_display,text,VERIFIED_FROM_MANUSCRIPT_OR_FIELD,None
data/figure_source_data/1b0a223fc3a1_multiray_front_by_ray.csv,run_id,CSV text/parsed scalar,288 rows,Archived run identifier,identifier,VERIFIED_FROM_MANUSCRIPT_OR_FIELD,Blank/NaN values retain evaluator meaning; consult generating code
data/figure_source_data/1b0a223fc3a1_multiray_front_by_ray.csv,exp_name,CSV text/parsed scalar,288 rows,Experiment identifier,identifier,VERIFIED_FROM_MANUSCRIPT_OR_FIELD,Blank/NaN values retain evaluator meaning; consult generating code
data/figure_source_data/1b0a223fc3a1_multiray_front_by_ray.csv,training_strategy,CSV text/parsed scalar,288 rows,Training-strategy identifier,identifier,VERIFIED_FROM_MANUSCRIPT_OR_FIELD,Blank/NaN values retain evaluator meaning; consult generating code
data/figure_source_data/1b0a223fc3a1_multiray_front_by_ray.csv,leave_out,CSV text/parsed scalar,288 rows,Leave-one-out component identifier,identifier,VERIFIED_FROM_MANUSCRIPT_OR_FIELD,Blank/NaN values retain evaluator meaning; consult generating code
data/figure_source_data/1b0a223fc3a1_multiray_front_by_ray.csv,seed,CSV text/parsed scalar,288 rows,Training random seed,identifier,VERIFIED_FROM_MANUSCRIPT_OR_FIELD,Blank/NaN values retain evaluator meaning; consult generating code
data/figure_source_data/1b0a223fc3a1_multiray_front_by_ray.csv,ray_id,CSV text/parsed scalar,288 rows,Ray identifier,identifier,VERIFIED_FROM_MANUSCRIPT_OR_FIELD,Blank/NaN values retain evaluator meaning; consult generating code
data/figure_source_data/1b0a223fc3a1_multiray_front_by_ray.csv,ray_angle_deg,CSV text/parsed scalar,288 rows,Ray angle,degree,VERIFIED_FROM_MANUSCRIPT_OR_FIELD,Blank/NaN values retain evaluator meaning; consult generating code
data/figure_source_data/1b0a223fc3a1_multiray_front_by_ray.csv,n_time_ray_total,CSV text/parsed scalar,288 rows,Count or iteration index identified by the originating evaluator,count,DERIVED_FROM_FIELD_NAME,Blank/NaN values retain evaluator meaning; consult generating code
data/figure_source_data/1b0a223fc3a1_multiray_front_by_ray.csv,n_time_ray_valid,CSV text/parsed scalar,288 rows,Count or iteration index identified by the originating evaluator,count,DERIVED_FROM_FIELD_NAME,Blank/NaN values retain evaluator meaning; consult generating code
data/figure_source_data/1b0a223fc3a1_multiray_front_by_ray.csv,W_front_ratio_1090_mean,CSV text/parsed scalar,288 rows,Dimensionless or normalized diagnostic; exact normalization is defined in the originating evaluator,1,DERIVED_REQUIRES_EVALUATOR_REFERENCE,Blank/NaN values retain evaluator meaning; consult generating code
data/figure_source_data/1b0a223fc3a1_multiray_front_by_ray.csv,W_front_ratio_1090_std,CSV text/parsed scalar,288 rows,Dimensionless or normalized diagnostic; exact normalization is defined in the originating evaluator,1,DERIVED_REQUIRES_EVALUATOR_REFERENCE,Blank/NaN values retain evaluator meaning; consult generating code
data/figure_source_data/1b0a223fc3a1_multiray_front_by_ray.csv,W_front_abs_rel_error_1090_mean,CSV text/parsed scalar,288 rows,Mean absolute error of the predicted/reference 10-90% front-width ratio,1,VERIFIED_FROM_MANUSCRIPT_OR_FIELD,Blank/NaN values retain evaluator meaning; consult generating code
data/figure_source_data/1b0a223fc3a1_multiray_front_by_ray.csv,W_front_abs_rel_error_1090_std,CSV text/parsed scalar,288 rows,Sample standard deviation of the absolute 10-90% front-width-ratio error,1,VERIFIED_FROM_MANUSCRIPT_OR_FIELD,Blank/NaN values retain evaluator meaning; consult generating code
data/figure_source_data/1b0a223fc3a1_multiray_front_by_ray.csv,front_inverse_slope_width_ratio_mean,CSV text/parsed scalar,288 rows,Dimensionless or normalized diagnostic; exact normalization is defined in the originating evaluator,1,DERIVED_REQUIRES_EVALUATOR_REFERENCE,Blank/NaN values retain evaluator meaning; consult generating code
data/figure_source_data/1b0a223fc3a1_multiray_front_by_ray.csv,front_inverse_slope_width_ratio_std,CSV text/parsed scalar,288 rows,Dimensionless or normalized diagnostic; exact normalization is defined in the originating evaluator,1,DERIVED_REQUIRES_EVALUATOR_REFERENCE,Blank/NaN values retain evaluator meaning; consult generating code
data/figure_source_data/1b0a223fc3a1_multiray_front_by_ray.csv,front_sharpness_ratio_mean,CSV text/parsed scalar,288 rows,Dimensionless or normalized diagnostic; exact normalization is defined in the originating evaluator,1,DERIVED_REQUIRES_EVALUATOR_REFERENCE,Blank/NaN values retain evaluator meaning; consult generating code
data/figure_source_data/1b0a223fc3a1_multiray_front_by_ray.csv,front_sharpness_ratio_std,CSV text/parsed scalar,288 rows,Dimensionless or normalized diagnostic; exact normalization is defined in the originating evaluator,1,DERIVED_REQUIRES_EVALUATOR_REFERENCE,Blank/NaN values retain evaluator meaning; consult generating code
data/figure_source_data/1b0a223fc3a1_multiray_front_by_ray.csv,front_position_signed_error_mid_mean,CSV text/parsed scalar,288 rows,Mean signed mid-jump front-position error,m,VERIFIED_FROM_MANUSCRIPT_OR_FIELD,Blank/NaN values retain evaluator meaning; consult generating code
data/figure_source_data/1b0a223fc3a1_multiray_front_by_ray.csv,front_position_signed_error_mid_std,CSV text/parsed scalar,288 rows,Sample standard deviation of signed mid-jump front-position error,m,VERIFIED_FROM_MANUSCRIPT_OR_FIELD,Blank/NaN values retain evaluator meaning; consult generating code
data/figure_source_data/1b0a223fc3a1_multiray_front_by_ray.csv,front_position_abs_error_mid_mean,CSV text/parsed scalar,288 rows,Mean absolute mid-jump front-position error,m,VERIFIED_FROM_MANUSCRIPT_OR_FIELD,Blank/NaN values retain evaluator meaning; consult generating code
data/figure_source_data/1b0a223fc3a1_multiray_front_by_ray.csv,front_position_abs_error_mid_std,CSV text/parsed scalar,288 rows,Sample standard deviation of absolute mid-jump front-position error,m,VERIFIED_FROM_MANUSCRIPT_OR_FIELD,Blank/NaN values retain evaluator meaning; consult generating code
data/figure_source_data/1b0a223fc3a1_multiray_front_by_ray.csv,front_position_rel_error_mid_mean,CSV text/parsed scalar,288 rows,Mean mid-jump front-position error normalized by ray span,1,VERIFIED_FROM_MANUSCRIPT_OR_FIELD,Blank/NaN values retain evaluator meaning; consult generating code
data/figure_source_data/1b0a223fc3a1_multiray_front_by_ray.csv,front_position_rel_error_mid_std,CSV text/parsed scalar,288 rows,Sample standard deviation of the ray-span-normalized mid-jump position error,1,VERIFIED_FROM_MANUSCRIPT_OR_FIELD,Blank/NaN values retain evaluator meaning; consult generating code
data/figure_source_data/1b0a223fc3a1_multiray_front_by_ray.csv,front_position_abs_error_maxgrad_mean,CSV text/parsed scalar,288 rows,Mean absolute maximum-gradient front-position error,m,VERIFIED_FROM_MANUSCRIPT_OR_FIELD,Blank/NaN values retain evaluator meaning; consult generating code
data/figure_source_data/1b0a223fc3a1_multiray_front_by_ray.csv,front_position_abs_error_maxgrad_std,CSV text/parsed scalar,288 rows,Sample standard deviation of absolute maximum-gradient front-position error,m,VERIFIED_FROM_MANUSCRIPT_OR_FIELD,Blank/NaN values retain evaluator meaning; consult generating code
data/figure_source_data/1e26aa04d39a_snapshot_grid.npz,X,float64,500x500,Cartesian x-coordinate on the 500 x 500 display grid,m,VERIFIED_FROM_MANUSCRIPT_OR_FIELD,None
data/figure_source_data/1e26aa04d39a_snapshot_grid.npz,Y,float64,500x500,Cartesian y-coordinate on the 500 x 500 display grid,m,VERIFIED_FROM_MANUSCRIPT_OR_FIELD,None
data/figure_source_data/1e26aa04d39a_snapshot_grid.npz,p_true,float64,500x500,IC-FERST reference pressure,Pa,VERIFIED_FROM_MANUSCRIPT_OR_FIELD,4004 NaN values; in 500 x 500 fields these mask excluded well interiors
data/figure_source_data/1e26aa04d39a_snapshot_grid.npz,p_pred,float64,500x500,PINN-predicted physical pressure,Pa,VERIFIED_FROM_MANUSCRIPT_OR_FIELD,4004 NaN values; in 500 x 500 fields these mask excluded well interiors
data/figure_source_data/1e26aa04d39a_snapshot_grid.npz,p_error,float64,500x500,"Signed pressure error, prediction minus reference",Pa,VERIFIED_FROM_MANUSCRIPT_OR_FIELD,4004 NaN values; in 500 x 500 fields these mask excluded well interiors
data/figure_source_data/1e26aa04d39a_snapshot_grid.npz,S_true,float64,500x500,IC-FERST reference CO2 saturation,1,VERIFIED_FROM_MANUSCRIPT_OR_FIELD,4004 NaN values; in 500 x 500 fields these mask excluded well interiors
data/figure_source_data/1e26aa04d39a_snapshot_grid.npz,S_pred,float64,500x500,PINN-predicted CO2 saturation,1,VERIFIED_FROM_MANUSCRIPT_OR_FIELD,4004 NaN values; in 500 x 500 fields these mask excluded well interiors
data/figure_source_data/1e26aa04d39a_snapshot_grid.npz,S_error,float64,500x500,"Signed CO2-saturation error, prediction minus reference",1,VERIFIED_FROM_MANUSCRIPT_OR_FIELD,4004 NaN values; in 500 x 500 fields these mask excluded well interiors
data/figure_source_data/1e26aa04d39a_snapshot_grid.npz,time_seconds,float64,scalar,Physical simulation time,s,VERIFIED_FROM_MANUSCRIPT_OR_FIELD,None
data/figure_source_data/1e26aa04d39a_snapshot_grid.npz,time_display,float64,scalar,Physical simulation time in the unit named by time_unit,see time_unit,VERIFIED_FROM_MANUSCRIPT_OR_FIELD,None
data/figure_source_data/1e26aa04d39a_snapshot_grid.npz,time_unit,<U4,scalar,Unit label for time_display,text,VERIFIED_FROM_MANUSCRIPT_OR_FIELD,None
data/figure_source_data/2ac99a986403_by_time_global_accuracy.csv,run_id,CSV text/parsed scalar,5792 rows,Archived run identifier,identifier,VERIFIED_FROM_MANUSCRIPT_OR_FIELD,Blank/NaN values retain evaluator meaning; consult generating code
data/figure_source_data/2ac99a986403_by_time_global_accuracy.csv,exp_name,CSV text/parsed scalar,5792 rows,Experiment identifier,identifier,VERIFIED_FROM_MANUSCRIPT_OR_FIELD,Blank/NaN values retain evaluator meaning; consult generating code
data/figure_source_data/2ac99a986403_by_time_global_accuracy.csv,training_strategy,CSV text/parsed scalar,5792 rows,Training-strategy identifier,identifier,VERIFIED_FROM_MANUSCRIPT_OR_FIELD,Blank/NaN values retain evaluator meaning; consult generating code
data/figure_source_data/2ac99a986403_by_time_global_accuracy.csv,leave_out,CSV text/parsed scalar,5792 rows,Leave-one-out component identifier,identifier,VERIFIED_FROM_MANUSCRIPT_OR_FIELD,Blank/NaN values retain evaluator meaning; consult generating code
data/figure_source_data/2ac99a986403_by_time_global_accuracy.csv,seed,CSV text/parsed scalar,5792 rows,Training random seed,identifier,VERIFIED_FROM_MANUSCRIPT_OR_FIELD,Blank/NaN values retain evaluator meaning; consult generating code
data/figure_source_data/2ac99a986403_by_time_global_accuracy.csv,ckpt_path,CSV text/parsed scalar,5792 rows,Checkpoint locator captured by the evaluator,path,VERIFIED_FROM_MANUSCRIPT_OR_FIELD,Blank/NaN values retain evaluator meaning; consult generating code
data/figure_source_data/2ac99a986403_by_time_global_accuracy.csv,time_index,CSV text/parsed scalar,5792 rows,Archived time-level index,index,VERIFIED_FROM_MANUSCRIPT_OR_FIELD,Blank/NaN values retain evaluator meaning; consult generating code
data/figure_source_data/2ac99a986403_by_time_global_accuracy.csv,snapshot_label,CSV text/parsed scalar,5792 rows,Snapshot label,identifier,VERIFIED_FROM_MANUSCRIPT_OR_FIELD,Blank/NaN values retain evaluator meaning; consult generating code
data/figure_source_data/2ac99a986403_by_time_global_accuracy.csv,time_s,CSV text/parsed scalar,5792 rows,Physical simulation time,s,VERIFIED_FROM_MANUSCRIPT_OR_FIELD,Blank/NaN values retain evaluator meaning; consult generating code
data/figure_source_data/2ac99a986403_by_time_global_accuracy.csv,time_days,CSV text/parsed scalar,5792 rows,Physical simulation time,d,VERIFIED_FROM_MANUSCRIPT_OR_FIELD,Blank/NaN values retain evaluator meaning; consult generating code
data/figure_source_data/2ac99a986403_by_time_global_accuracy.csv,n_used,CSV text/parsed scalar,5792 rows,Count or iteration index identified by the originating evaluator,count,DERIVED_FROM_FIELD_NAME,Blank/NaN values retain evaluator meaning; consult generating code
data/figure_source_data/2ac99a986403_by_time_global_accuracy.csv,p_tilde_mse,CSV text/parsed scalar,5792 rows,Nondimensional-pressure diagnostic identified by the originating evaluator,1,DERIVED_REQUIRES_EVALUATOR_REFERENCE,Blank/NaN values retain evaluator meaning; consult generating code
data/figure_source_data/2ac99a986403_by_time_global_accuracy.csv,p_tilde_rmse,CSV text/parsed scalar,5792 rows,Nondimensional-pressure diagnostic identified by the originating evaluator,1,DERIVED_REQUIRES_EVALUATOR_REFERENCE,Blank/NaN values retain evaluator meaning; consult generating code
data/figure_source_data/2ac99a986403_by_time_global_accuracy.csv,p_tilde_mae,CSV text/parsed scalar,5792 rows,Nondimensional-pressure diagnostic identified by the originating evaluator,1,DERIVED_REQUIRES_EVALUATOR_REFERENCE,Blank/NaN values retain evaluator meaning; consult generating code
data/figure_source_data/2ac99a986403_by_time_global_accuracy.csv,p_tilde_rel_l2,CSV text/parsed scalar,5792 rows,Nondimensional-pressure diagnostic identified by the originating evaluator,1,DERIVED_REQUIRES_EVALUATOR_REFERENCE,Blank/NaN values retain evaluator meaning; consult generating code
data/figure_source_data/2ac99a986403_by_time_global_accuracy.csv,p_tilde_maxae,CSV text/parsed scalar,5792 rows,Nondimensional-pressure diagnostic identified by the originating evaluator,1,DERIVED_REQUIRES_EVALUATOR_REFERENCE,Blank/NaN values retain evaluator meaning; consult generating code
data/figure_source_data/2ac99a986403_by_time_global_accuracy.csv,p_tilde_bias,CSV text/parsed scalar,5792 rows,Nondimensional-pressure diagnostic identified by the originating evaluator,1,DERIVED_REQUIRES_EVALUATOR_REFERENCE,Blank/NaN values retain evaluator meaning; consult generating code
data/figure_source_data/2ac99a986403_by_time_global_accuracy.csv,p_tilde_p95ae,CSV text/parsed scalar,5792 rows,Nondimensional-pressure diagnostic identified by the originating evaluator,1,DERIVED_REQUIRES_EVALUATOR_REFERENCE,Blank/NaN values retain evaluator meaning; consult generating code
data/figure_source_data/2ac99a986403_by_time_global_accuracy.csv,p_tilde_p99ae,CSV text/parsed scalar,5792 rows,Nondimensional-pressure diagnostic identified by the originating evaluator,1,DERIVED_REQUIRES_EVALUATOR_REFERENCE,Blank/NaN values retain evaluator meaning; consult generating code
data/figure_source_data/2ac99a986403_by_time_global_accuracy.csv,p_tilde_nrmse_range,CSV text/parsed scalar,5792 rows,Nondimensional-pressure diagnostic identified by the originating evaluator,1,DERIVED_REQUIRES_EVALUATOR_REFERENCE,Blank/NaN values retain evaluator meaning; consult generating code
data/figure_source_data/2ac99a986403_by_time_global_accuracy.csv,p_tilde_nrmse_iqr,CSV text/parsed scalar,5792 rows,Nondimensional-pressure diagnostic identified by the originating evaluator,1,DERIVED_REQUIRES_EVALUATOR_REFERENCE,Blank/NaN values retain evaluator meaning; consult generating code
data/figure_source_data/2ac99a986403_by_time_global_accuracy.csv,p_tilde_r2,CSV text/parsed scalar,5792 rows,Nondimensional-pressure diagnostic identified by the originating evaluator,1,DERIVED_REQUIRES_EVALUATOR_REFERENCE,Blank/NaN values retain evaluator meaning; consult generating code
data/figure_source_data/2ac99a986403_by_time_global_accuracy.csv,p_tilde_corr,CSV text/parsed scalar,5792 rows,Nondimensional-pressure diagnostic identified by the originating evaluator,1,DERIVED_REQUIRES_EVALUATOR_REFERENCE,Blank/NaN values retain evaluator meaning; consult generating code
data/figure_source_data/2ac99a986403_by_time_global_accuracy.csv,p_phys_Pa_mse,CSV text/parsed scalar,5792 rows,Physical-pressure mean squared error,Pa2,UNIT_VERIFIED_DEFINITION_DERIVED,Blank/NaN values retain evaluator meaning; consult generating code
data/figure_source_data/2ac99a986403_by_time_global_accuracy.csv,p_phys_Pa_rmse,CSV text/parsed scalar,5792 rows,Physical-pressure error diagnostic identified by its suffix,Pa,UNIT_VERIFIED_DEFINITION_DERIVED,Blank/NaN values retain evaluator meaning; consult generating code
data/figure_source_data/2ac99a986403_by_time_global_accuracy.csv,p_phys_Pa_mae,CSV text/parsed scalar,5792 rows,Physical-pressure error diagnostic identified by its suffix,Pa,UNIT_VERIFIED_DEFINITION_DERIVED,Blank/NaN values retain evaluator meaning; consult generating code
data/figure_source_data/2ac99a986403_by_time_global_accuracy.csv,p_phys_Pa_rel_l2,CSV text/parsed scalar,5792 rows,Normalized physical-pressure diagnostic identified by its suffix,1,UNIT_VERIFIED_DEFINITION_DERIVED,Blank/NaN values retain evaluator meaning; consult generating code
data/figure_source_data/2ac99a986403_by_time_global_accuracy.csv,p_phys_Pa_maxae,CSV text/parsed scalar,5792 rows,Physical-pressure error diagnostic identified by its suffix,Pa,UNIT_VERIFIED_DEFINITION_DERIVED,Blank/NaN values retain evaluator meaning; consult generating code
data/figure_source_data/2ac99a986403_by_time_global_accuracy.csv,p_phys_Pa_bias,CSV text/parsed scalar,5792 rows,Physical-pressure error diagnostic identified by its suffix,Pa,UNIT_VERIFIED_DEFINITION_DERIVED,Blank/NaN values retain evaluator meaning; consult generating code
data/figure_source_data/2ac99a986403_by_time_global_accuracy.csv,p_phys_Pa_p95ae,CSV text/parsed scalar,5792 rows,Physical-pressure error diagnostic identified by its suffix,Pa,UNIT_VERIFIED_DEFINITION_DERIVED,Blank/NaN values retain evaluator meaning; consult generating code
data/figure_source_data/2ac99a986403_by_time_global_accuracy.csv,p_phys_Pa_p99ae,CSV text/parsed scalar,5792 rows,Physical-pressure error diagnostic identified by its suffix,Pa,UNIT_VERIFIED_DEFINITION_DERIVED,Blank/NaN values retain evaluator meaning; consult generating code
data/figure_source_data/2ac99a986403_by_time_global_accuracy.csv,p_phys_Pa_nrmse_range,CSV text/parsed scalar,5792 rows,Normalized physical-pressure diagnostic identified by its suffix,1,UNIT_VERIFIED_DEFINITION_DERIVED,Blank/NaN values retain evaluator meaning; consult generating code
data/figure_source_data/2ac99a986403_by_time_global_accuracy.csv,p_phys_Pa_nrmse_iqr,CSV text/parsed scalar,5792 rows,Normalized physical-pressure diagnostic identified by its suffix,1,UNIT_VERIFIED_DEFINITION_DERIVED,Blank/NaN values retain evaluator meaning; consult generating code
data/figure_source_data/2ac99a986403_by_time_global_accuracy.csv,p_phys_Pa_r2,CSV text/parsed scalar,5792 rows,Normalized physical-pressure diagnostic identified by its suffix,1,UNIT_VERIFIED_DEFINITION_DERIVED,Blank/NaN values retain evaluator meaning; consult generating code
data/figure_source_data/2ac99a986403_by_time_global_accuracy.csv,p_phys_Pa_corr,CSV text/parsed scalar,5792 rows,Normalized physical-pressure diagnostic identified by its suffix,1,UNIT_VERIFIED_DEFINITION_DERIVED,Blank/NaN values retain evaluator meaning; consult generating code
data/figure_source_data/2ac99a986403_by_time_global_accuracy.csv,p_phys_RMSE_MPa,CSV text/parsed scalar,5792 rows,Physical-pressure root-mean-square error,MPa,VERIFIED_FROM_MANUSCRIPT_OR_FIELD,Blank/NaN values retain evaluator meaning; consult generating code
data/figure_source_data/2ac99a986403_by_time_global_accuracy.csv,p_phys_MAE_MPa,CSV text/parsed scalar,5792 rows,Pressure-derived quantity identified by the originating evaluator,MPa,UNIT_VERIFIED_DEFINITION_DERIVED,Blank/NaN values retain evaluator meaning; consult generating code
data/figure_source_data/2ac99a986403_by_time_global_accuracy.csv,S_mse,CSV text/parsed scalar,5792 rows,Dimensionless or normalized diagnostic; exact normalization is defined in the originating evaluator,1,DERIVED_REQUIRES_EVALUATOR_REFERENCE,Blank/NaN values retain evaluator meaning; consult generating code
data/figure_source_data/2ac99a986403_by_time_global_accuracy.csv,S_rmse,CSV text/parsed scalar,5792 rows,Dimensionless or normalized diagnostic; exact normalization is defined in the originating evaluator,1,DERIVED_REQUIRES_EVALUATOR_REFERENCE,Blank/NaN values retain evaluator meaning; consult generating code
data/figure_source_data/2ac99a986403_by_time_global_accuracy.csv,S_mae,CSV text/parsed scalar,5792 rows,Dimensionless or normalized diagnostic; exact normalization is defined in the originating evaluator,1,DERIVED_REQUIRES_EVALUATOR_REFERENCE,Blank/NaN values retain evaluator meaning; consult generating code
data/figure_source_data/2ac99a986403_by_time_global_accuracy.csv,S_rel_l2,CSV text/parsed scalar,5792 rows,Dimensionless or normalized diagnostic; exact normalization is defined in the originating evaluator,1,DERIVED_REQUIRES_EVALUATOR_REFERENCE,Blank/NaN values retain evaluator meaning; consult generating code
data/figure_source_data/2ac99a986403_by_time_global_accuracy.csv,S_maxae,CSV text/parsed scalar,5792 rows,Dimensionless or normalized diagnostic; exact normalization is defined in the originating evaluator,1,DERIVED_REQUIRES_EVALUATOR_REFERENCE,Blank/NaN values retain evaluator meaning; consult generating code
data/figure_source_data/2ac99a986403_by_time_global_accuracy.csv,S_bias,CSV text/parsed scalar,5792 rows,Dimensionless or normalized diagnostic; exact normalization is defined in the originating evaluator,1,DERIVED_REQUIRES_EVALUATOR_REFERENCE,Blank/NaN values retain evaluator meaning; consult generating code
data/figure_source_data/2ac99a986403_by_time_global_accuracy.csv,S_p95ae,CSV text/parsed scalar,5792 rows,Dimensionless or normalized diagnostic; exact normalization is defined in the originating evaluator,1,DERIVED_REQUIRES_EVALUATOR_REFERENCE,Blank/NaN values retain evaluator meaning; consult generating code
data/figure_source_data/2ac99a986403_by_time_global_accuracy.csv,S_p99ae,CSV text/parsed scalar,5792 rows,Dimensionless or normalized diagnostic; exact normalization is defined in the originating evaluator,1,DERIVED_REQUIRES_EVALUATOR_REFERENCE,Blank/NaN values retain evaluator meaning; consult generating code
data/figure_source_data/2ac99a986403_by_time_global_accuracy.csv,S_nrmse_range,CSV text/parsed scalar,5792 rows,Dimensionless or normalized diagnostic; exact normalization is defined in the originating evaluator,1,DERIVED_REQUIRES_EVALUATOR_REFERENCE,Blank/NaN values retain evaluator meaning; consult generating code
data/figure_source_data/2ac99a986403_by_time_global_accuracy.csv,S_nrmse_iqr,CSV text/parsed scalar,5792 rows,Dimensionless or normalized diagnostic; exact normalization is defined in the originating evaluator,1,DERIVED_REQUIRES_EVALUATOR_REFERENCE,Blank/NaN values retain evaluator meaning; consult generating code
data/figure_source_data/2ac99a986403_by_time_global_accuracy.csv,S_r2,CSV text/parsed scalar,5792 rows,Dimensionless or normalized diagnostic; exact normalization is defined in the originating evaluator,1,DERIVED_REQUIRES_EVALUATOR_REFERENCE,Blank/NaN values retain evaluator meaning; consult generating code
data/figure_source_data/2ac99a986403_by_time_global_accuracy.csv,S_corr,CSV text/parsed scalar,5792 rows,Dimensionless or normalized diagnostic; exact normalization is defined in the originating evaluator,1,DERIVED_REQUIRES_EVALUATOR_REFERENCE,Blank/NaN values retain evaluator meaning; consult generating code
data/figure_source_data/2ac99a986403_by_time_global_accuracy.csv,S_RMSE_front_band,CSV text/parsed scalar,5792 rows,Dimensionless or normalized diagnostic; exact normalization is defined in the originating evaluator,1,DERIVED_REQUIRES_EVALUATOR_REFERENCE,Blank/NaN values retain evaluator meaning; consult generating code
data/figure_source_data/2ac99a986403_by_time_global_accuracy.csv,S_MAE_front_band,CSV text/parsed scalar,5792 rows,Dimensionless or normalized diagnostic; exact normalization is defined in the originating evaluator,1,DERIVED_REQUIRES_EVALUATOR_REFERENCE,Blank/NaN values retain evaluator meaning; consult generating code
data/figure_source_data/2ac99a986403_by_time_global_accuracy.csv,S_Bias_front_band,CSV text/parsed scalar,5792 rows,Dimensionless or normalized diagnostic; exact normalization is defined in the originating evaluator,1,DERIVED_REQUIRES_EVALUATOR_REFERENCE,Blank/NaN values retain evaluator meaning; consult generating code
data/figure_source_data/2ac99a986403_by_time_global_accuracy.csv,dS_RMSE_front_band,CSV text/parsed scalar,5792 rows,Dimensionless or normalized diagnostic; exact normalization is defined in the originating evaluator,1,DERIVED_REQUIRES_EVALUATOR_REFERENCE,Blank/NaN values retain evaluator meaning; consult generating code
data/figure_source_data/2ac99a986403_by_time_global_accuracy.csv,dS_MAE_front_band,CSV text/parsed scalar,5792 rows,Dimensionless or normalized diagnostic; exact normalization is defined in the originating evaluator,1,DERIVED_REQUIRES_EVALUATOR_REFERENCE,Blank/NaN values retain evaluator meaning; consult generating code
data/figure_source_data/2ac99a986403_by_time_global_accuracy.csv,dS_Bias_front_band,CSV text/parsed scalar,5792 rows,Dimensionless or normalized diagnostic; exact normalization is defined in the originating evaluator,1,DERIVED_REQUIRES_EVALUATOR_REFERENCE,Blank/NaN values retain evaluator meaning; consult generating code
data/figure_source_data/2ac99a986403_by_time_global_accuracy.csv,n_front_band,CSV text/parsed scalar,5792 rows,Count or iteration index identified by the originating evaluator,count,DERIVED_FROM_FIELD_NAME,Blank/NaN values retain evaluator meaning; consult generating code
data/figure_source_data/2ac99a986403_by_time_global_accuracy.csv,S_RMSE_plume_rawS005,CSV text/parsed scalar,5792 rows,Dimensionless or normalized diagnostic; exact normalization is defined in the originating evaluator,1,DERIVED_REQUIRES_EVALUATOR_REFERENCE,Blank/NaN values retain evaluator meaning; consult generating code
data/figure_source_data/2ac99a986403_by_time_global_accuracy.csv,S_MAE_plume_rawS005,CSV text/parsed scalar,5792 rows,Dimensionless or normalized diagnostic; exact normalization is defined in the originating evaluator,1,DERIVED_REQUIRES_EVALUATOR_REFERENCE,Blank/NaN values retain evaluator meaning; consult generating code
data/figure_source_data/2ac99a986403_by_time_global_accuracy.csv,S_Bias_plume_rawS005,CSV text/parsed scalar,5792 rows,Dimensionless or normalized diagnostic; exact normalization is defined in the originating evaluator,1,DERIVED_REQUIRES_EVALUATOR_REFERENCE,Blank/NaN values retain evaluator meaning; consult generating code
data/figure_source_data/2ac99a986403_by_time_global_accuracy.csv,dS_RMSE_plume_rawS005,CSV text/parsed scalar,5792 rows,Dimensionless or normalized diagnostic; exact normalization is defined in the originating evaluator,1,DERIVED_REQUIRES_EVALUATOR_REFERENCE,Blank/NaN values retain evaluator meaning; consult generating code
data/figure_source_data/2ac99a986403_by_time_global_accuracy.csv,dS_MAE_plume_rawS005,CSV text/parsed scalar,5792 rows,Dimensionless or normalized diagnostic; exact normalization is defined in the originating evaluator,1,DERIVED_REQUIRES_EVALUATOR_REFERENCE,Blank/NaN values retain evaluator meaning; consult generating code
data/figure_source_data/2ac99a986403_by_time_global_accuracy.csv,dS_Bias_plume_rawS005,CSV text/parsed scalar,5792 rows,Dimensionless or normalized diagnostic; exact normalization is defined in the originating evaluator,1,DERIVED_REQUIRES_EVALUATOR_REFERENCE,Blank/NaN values retain evaluator meaning; consult generating code
data/figure_source_data/2ac99a986403_by_time_global_accuracy.csv,n_plume_rawS005,CSV text/parsed scalar,5792 rows,Count or iteration index identified by the originating evaluator,count,DERIVED_FROM_FIELD_NAME,Blank/NaN values retain evaluator meaning; consult generating code
data/figure_source_data/2ac99a986403_by_time_global_accuracy.csv,S_RMSE_background_rawS002,CSV text/parsed scalar,5792 rows,Dimensionless or normalized diagnostic; exact normalization is defined in the originating evaluator,1,DERIVED_REQUIRES_EVALUATOR_REFERENCE,Blank/NaN values retain evaluator meaning; consult generating code
data/figure_source_data/2ac99a986403_by_time_global_accuracy.csv,S_MAE_background_rawS002,CSV text/parsed scalar,5792 rows,Dimensionless or normalized diagnostic; exact normalization is defined in the originating evaluator,1,DERIVED_REQUIRES_EVALUATOR_REFERENCE,Blank/NaN values retain evaluator meaning; consult generating code
data/figure_source_data/2ac99a986403_by_time_global_accuracy.csv,S_Bias_background_rawS002,CSV text/parsed scalar,5792 rows,Dimensionless or normalized diagnostic; exact normalization is defined in the originating evaluator,1,DERIVED_REQUIRES_EVALUATOR_REFERENCE,Blank/NaN values retain evaluator meaning; consult generating code
data/figure_source_data/2ac99a986403_by_time_global_accuracy.csv,dS_RMSE_background_rawS002,CSV text/parsed scalar,5792 rows,Dimensionless or normalized diagnostic; exact normalization is defined in the originating evaluator,1,DERIVED_REQUIRES_EVALUATOR_REFERENCE,Blank/NaN values retain evaluator meaning; consult generating code
data/figure_source_data/2ac99a986403_by_time_global_accuracy.csv,dS_MAE_background_rawS002,CSV text/parsed scalar,5792 rows,Dimensionless or normalized diagnostic; exact normalization is defined in the originating evaluator,1,DERIVED_REQUIRES_EVALUATOR_REFERENCE,Blank/NaN values retain evaluator meaning; consult generating code
data/figure_source_data/2ac99a986403_by_time_global_accuracy.csv,dS_Bias_background_rawS002,CSV text/parsed scalar,5792 rows,Dimensionless or normalized diagnostic; exact normalization is defined in the originating evaluator,1,DERIVED_REQUIRES_EVALUATOR_REFERENCE,Blank/NaN values retain evaluator meaning; consult generating code
data/figure_source_data/2ac99a986403_by_time_global_accuracy.csv,n_background_rawS002,CSV text/parsed scalar,5792 rows,Count or iteration index identified by the originating evaluator,count,DERIVED_FROM_FIELD_NAME,Blank/NaN values retain evaluator meaning; consult generating code
data/figure_source_data/2ac99a986403_by_time_global_accuracy.csv,S_RMSE_core,CSV text/parsed scalar,5792 rows,Dimensionless or normalized diagnostic; exact normalization is defined in the originating evaluator,1,DERIVED_REQUIRES_EVALUATOR_REFERENCE,Blank/NaN values retain evaluator meaning; consult generating code
data/figure_source_data/2ac99a986403_by_time_global_accuracy.csv,S_MAE_core,CSV text/parsed scalar,5792 rows,Dimensionless or normalized diagnostic; exact normalization is defined in the originating evaluator,1,DERIVED_REQUIRES_EVALUATOR_REFERENCE,Blank/NaN values retain evaluator meaning; consult generating code
data/figure_source_data/2ac99a986403_by_time_global_accuracy.csv,S_Bias_core,CSV text/parsed scalar,5792 rows,Dimensionless or normalized diagnostic; exact normalization is defined in the originating evaluator,1,DERIVED_REQUIRES_EVALUATOR_REFERENCE,Blank/NaN values retain evaluator meaning; consult generating code
data/figure_source_data/2ac99a986403_by_time_global_accuracy.csv,dS_RMSE_core,CSV text/parsed scalar,5792 rows,Dimensionless or normalized diagnostic; exact normalization is defined in the originating evaluator,1,DERIVED_REQUIRES_EVALUATOR_REFERENCE,Blank/NaN values retain evaluator meaning; consult generating code
data/figure_source_data/2ac99a986403_by_time_global_accuracy.csv,dS_MAE_core,CSV text/parsed scalar,5792 rows,Dimensionless or normalized diagnostic; exact normalization is defined in the originating evaluator,1,DERIVED_REQUIRES_EVALUATOR_REFERENCE,Blank/NaN values retain evaluator meaning; consult generating code
data/figure_source_data/2ac99a986403_by_time_global_accuracy.csv,dS_Bias_core,CSV text/parsed scalar,5792 rows,Dimensionless or normalized diagnostic; exact normalization is defined in the originating evaluator,1,DERIVED_REQUIRES_EVALUATOR_REFERENCE,Blank/NaN values retain evaluator meaning; consult generating code
data/figure_source_data/2ac99a986403_by_time_global_accuracy.csv,n_core,CSV text/parsed scalar,5792 rows,Count or iteration index identified by the originating evaluator,count,DERIVED_FROM_FIELD_NAME,Blank/NaN values retain evaluator meaning; consult generating code
data/figure_source_data/2ac99a986403_by_time_global_accuracy.csv,S_RMSE_near_sic,CSV text/parsed scalar,5792 rows,Dimensionless or normalized diagnostic; exact normalization is defined in the originating evaluator,1,DERIVED_REQUIRES_EVALUATOR_REFERENCE,Blank/NaN values retain evaluator meaning; consult generating code
data/figure_source_data/2ac99a986403_by_time_global_accuracy.csv,S_MAE_near_sic,CSV text/parsed scalar,5792 rows,Dimensionless or normalized diagnostic; exact normalization is defined in the originating evaluator,1,DERIVED_REQUIRES_EVALUATOR_REFERENCE,Blank/NaN values retain evaluator meaning; consult generating code
data/figure_source_data/2ac99a986403_by_time_global_accuracy.csv,S_Bias_near_sic,CSV text/parsed scalar,5792 rows,Dimensionless or normalized diagnostic; exact normalization is defined in the originating evaluator,1,DERIVED_REQUIRES_EVALUATOR_REFERENCE,Blank/NaN values retain evaluator meaning; consult generating code
data/figure_source_data/2ac99a986403_by_time_global_accuracy.csv,dS_RMSE_near_sic,CSV text/parsed scalar,5792 rows,Dimensionless or normalized diagnostic; exact normalization is defined in the originating evaluator,1,DERIVED_REQUIRES_EVALUATOR_REFERENCE,Blank/NaN values retain evaluator meaning; consult generating code
data/figure_source_data/2ac99a986403_by_time_global_accuracy.csv,dS_MAE_near_sic,CSV text/parsed scalar,5792 rows,Dimensionless or normalized diagnostic; exact normalization is defined in the originating evaluator,1,DERIVED_REQUIRES_EVALUATOR_REFERENCE,Blank/NaN values retain evaluator meaning; consult generating code
data/figure_source_data/2ac99a986403_by_time_global_accuracy.csv,dS_Bias_near_sic,CSV text/parsed scalar,5792 rows,Dimensionless or normalized diagnostic; exact normalization is defined in the originating evaluator,1,DERIVED_REQUIRES_EVALUATOR_REFERENCE,Blank/NaN values retain evaluator meaning; consult generating code
data/figure_source_data/2ac99a986403_by_time_global_accuracy.csv,n_near_sic,CSV text/parsed scalar,5792 rows,Count or iteration index identified by the originating evaluator,count,DERIVED_FROM_FIELD_NAME,Blank/NaN values retain evaluator meaning; consult generating code
data/figure_source_data/2ac99a986403_by_time_global_accuracy.csv,S_RMSE_mobile_co2_training_raw,CSV text/parsed scalar,5792 rows,Dimensionless or normalized diagnostic; exact normalization is defined in the originating evaluator,1,DERIVED_REQUIRES_EVALUATOR_REFERENCE,Blank/NaN values retain evaluator meaning; consult generating code
data/figure_source_data/2ac99a986403_by_time_global_accuracy.csv,S_MAE_mobile_co2_training_raw,CSV text/parsed scalar,5792 rows,Dimensionless or normalized diagnostic; exact normalization is defined in the originating evaluator,1,DERIVED_REQUIRES_EVALUATOR_REFERENCE,Blank/NaN values retain evaluator meaning; consult generating code
data/figure_source_data/2ac99a986403_by_time_global_accuracy.csv,S_Bias_mobile_co2_training_raw,CSV text/parsed scalar,5792 rows,Dimensionless or normalized diagnostic; exact normalization is defined in the originating evaluator,1,DERIVED_REQUIRES_EVALUATOR_REFERENCE,Blank/NaN values retain evaluator meaning; consult generating code
data/figure_source_data/2ac99a986403_by_time_global_accuracy.csv,dS_RMSE_mobile_co2_training_raw,CSV text/parsed scalar,5792 rows,Dimensionless or normalized diagnostic; exact normalization is defined in the originating evaluator,1,DERIVED_REQUIRES_EVALUATOR_REFERENCE,Blank/NaN values retain evaluator meaning; consult generating code
data/figure_source_data/2ac99a986403_by_time_global_accuracy.csv,dS_MAE_mobile_co2_training_raw,CSV text/parsed scalar,5792 rows,Dimensionless or normalized diagnostic; exact normalization is defined in the originating evaluator,1,DERIVED_REQUIRES_EVALUATOR_REFERENCE,Blank/NaN values retain evaluator meaning; consult generating code
data/figure_source_data/2ac99a986403_by_time_global_accuracy.csv,dS_Bias_mobile_co2_training_raw,CSV text/parsed scalar,5792 rows,Dimensionless or normalized diagnostic; exact normalization is defined in the originating evaluator,1,DERIVED_REQUIRES_EVALUATOR_REFERENCE,Blank/NaN values retain evaluator meaning; consult generating code
data/figure_source_data/2ac99a986403_by_time_global_accuracy.csv,n_mobile_co2_training_raw,CSV text/parsed scalar,5792 rows,Count or iteration index identified by the originating evaluator,count,DERIVED_FROM_FIELD_NAME,Blank/NaN values retain evaluator meaning; consult generating code
data/figure_source_data/2ac99a986403_by_time_global_accuracy.csv,S_RMSE_mobile_co2_raw,CSV text/parsed scalar,5792 rows,Dimensionless or normalized diagnostic; exact normalization is defined in the originating evaluator,1,DERIVED_REQUIRES_EVALUATOR_REFERENCE,Blank/NaN values retain evaluator meaning; consult generating code
data/figure_source_data/2ac99a986403_by_time_global_accuracy.csv,S_MAE_mobile_co2_raw,CSV text/parsed scalar,5792 rows,Dimensionless or normalized diagnostic; exact normalization is defined in the originating evaluator,1,DERIVED_REQUIRES_EVALUATOR_REFERENCE,Blank/NaN values retain evaluator meaning; consult generating code
data/figure_source_data/2ac99a986403_by_time_global_accuracy.csv,S_Bias_mobile_co2_raw,CSV text/parsed scalar,5792 rows,Dimensionless or normalized diagnostic; exact normalization is defined in the originating evaluator,1,DERIVED_REQUIRES_EVALUATOR_REFERENCE,Blank/NaN values retain evaluator meaning; consult generating code
data/figure_source_data/2ac99a986403_by_time_global_accuracy.csv,dS_RMSE_mobile_co2_raw,CSV text/parsed scalar,5792 rows,Dimensionless or normalized diagnostic; exact normalization is defined in the originating evaluator,1,DERIVED_REQUIRES_EVALUATOR_REFERENCE,Blank/NaN values retain evaluator meaning; consult generating code
data/figure_source_data/2ac99a986403_by_time_global_accuracy.csv,dS_MAE_mobile_co2_raw,CSV text/parsed scalar,5792 rows,Dimensionless or normalized diagnostic; exact normalization is defined in the originating evaluator,1,DERIVED_REQUIRES_EVALUATOR_REFERENCE,Blank/NaN values retain evaluator meaning; consult generating code
data/figure_source_data/2ac99a986403_by_time_global_accuracy.csv,dS_Bias_mobile_co2_raw,CSV text/parsed scalar,5792 rows,Dimensionless or normalized diagnostic; exact normalization is defined in the originating evaluator,1,DERIVED_REQUIRES_EVALUATOR_REFERENCE,Blank/NaN values retain evaluator meaning; consult generating code
data/figure_source_data/2ac99a986403_by_time_global_accuracy.csv,n_mobile_co2_raw,CSV text/parsed scalar,5792 rows,Count or iteration index identified by the originating evaluator,count,DERIVED_FROM_FIELD_NAME,Blank/NaN values retain evaluator meaning; consult generating code
data/figure_source_data/2ac99a986403_by_time_global_accuracy.csv,S_RMSE_excess_plume_dS005,CSV text/parsed scalar,5792 rows,Dimensionless or normalized diagnostic; exact normalization is defined in the originating evaluator,1,DERIVED_REQUIRES_EVALUATOR_REFERENCE,Blank/NaN values retain evaluator meaning; consult generating code
data/figure_source_data/2ac99a986403_by_time_global_accuracy.csv,S_MAE_excess_plume_dS005,CSV text/parsed scalar,5792 rows,Dimensionless or normalized diagnostic; exact normalization is defined in the originating evaluator,1,DERIVED_REQUIRES_EVALUATOR_REFERENCE,Blank/NaN values retain evaluator meaning; consult generating code
data/figure_source_data/2ac99a986403_by_time_global_accuracy.csv,S_Bias_excess_plume_dS005,CSV text/parsed scalar,5792 rows,Dimensionless or normalized diagnostic; exact normalization is defined in the originating evaluator,1,DERIVED_REQUIRES_EVALUATOR_REFERENCE,Blank/NaN values retain evaluator meaning; consult generating code
data/figure_source_data/2ac99a986403_by_time_global_accuracy.csv,dS_RMSE_excess_plume_dS005,CSV text/parsed scalar,5792 rows,Dimensionless or normalized diagnostic; exact normalization is defined in the originating evaluator,1,DERIVED_REQUIRES_EVALUATOR_REFERENCE,Blank/NaN values retain evaluator meaning; consult generating code
data/figure_source_data/2ac99a986403_by_time_global_accuracy.csv,dS_MAE_excess_plume_dS005,CSV text/parsed scalar,5792 rows,Dimensionless or normalized diagnostic; exact normalization is defined in the originating evaluator,1,DERIVED_REQUIRES_EVALUATOR_REFERENCE,Blank/NaN values retain evaluator meaning; consult generating code
data/figure_source_data/2ac99a986403_by_time_global_accuracy.csv,dS_Bias_excess_plume_dS005,CSV text/parsed scalar,5792 rows,Dimensionless or normalized diagnostic; exact normalization is defined in the originating evaluator,1,DERIVED_REQUIRES_EVALUATOR_REFERENCE,Blank/NaN values retain evaluator meaning; consult generating code
data/figure_source_data/2ac99a986403_by_time_global_accuracy.csv,n_excess_plume_dS005,CSV text/parsed scalar,5792 rows,Count or iteration index identified by the originating evaluator,count,DERIVED_FROM_FIELD_NAME,Blank/NaN values retain evaluator meaning; consult generating code
data/figure_source_data/2ac99a986403_by_time_global_accuracy.csv,S_RMSE_excess_mobile_dS002,CSV text/parsed scalar,5792 rows,Dimensionless or normalized diagnostic; exact normalization is defined in the originating evaluator,1,DERIVED_REQUIRES_EVALUATOR_REFERENCE,Blank/NaN values retain evaluator meaning; consult generating code
data/figure_source_data/2ac99a986403_by_time_global_accuracy.csv,S_MAE_excess_mobile_dS002,CSV text/parsed scalar,5792 rows,Dimensionless or normalized diagnostic; exact normalization is defined in the originating evaluator,1,DERIVED_REQUIRES_EVALUATOR_REFERENCE,Blank/NaN values retain evaluator meaning; consult generating code
data/figure_source_data/2ac99a986403_by_time_global_accuracy.csv,S_Bias_excess_mobile_dS002,CSV text/parsed scalar,5792 rows,Dimensionless or normalized diagnostic; exact normalization is defined in the originating evaluator,1,DERIVED_REQUIRES_EVALUATOR_REFERENCE,Blank/NaN values retain evaluator meaning; consult generating code
data/figure_source_data/2ac99a986403_by_time_global_accuracy.csv,dS_RMSE_excess_mobile_dS002,CSV text/parsed scalar,5792 rows,Dimensionless or normalized diagnostic; exact normalization is defined in the originating evaluator,1,DERIVED_REQUIRES_EVALUATOR_REFERENCE,Blank/NaN values retain evaluator meaning; consult generating code
data/figure_source_data/2ac99a986403_by_time_global_accuracy.csv,dS_MAE_excess_mobile_dS002,CSV text/parsed scalar,5792 rows,Dimensionless or normalized diagnostic; exact normalization is defined in the originating evaluator,1,DERIVED_REQUIRES_EVALUATOR_REFERENCE,Blank/NaN values retain evaluator meaning; consult generating code
data/figure_source_data/2ac99a986403_by_time_global_accuracy.csv,dS_Bias_excess_mobile_dS002,CSV text/parsed scalar,5792 rows,Dimensionless or normalized diagnostic; exact normalization is defined in the originating evaluator,1,DERIVED_REQUIRES_EVALUATOR_REFERENCE,Blank/NaN values retain evaluator meaning; consult generating code
data/figure_source_data/2ac99a986403_by_time_global_accuracy.csv,n_excess_mobile_dS002,CSV text/parsed scalar,5792 rows,Count or iteration index identified by the originating evaluator,count,DERIVED_FROM_FIELD_NAME,Blank/NaN values retain evaluator meaning; consult generating code
data/figure_source_data/2ac99a986403_by_time_global_accuracy.csv,S_RMSE_excess_background_dS001,CSV text/parsed scalar,5792 rows,Dimensionless or normalized diagnostic; exact normalization is defined in the originating evaluator,1,DERIVED_REQUIRES_EVALUATOR_REFERENCE,Blank/NaN values retain evaluator meaning; consult generating code
data/figure_source_data/2ac99a986403_by_time_global_accuracy.csv,S_MAE_excess_background_dS001,CSV text/parsed scalar,5792 rows,Dimensionless or normalized diagnostic; exact normalization is defined in the originating evaluator,1,DERIVED_REQUIRES_EVALUATOR_REFERENCE,Blank/NaN values retain evaluator meaning; consult generating code
data/figure_source_data/2ac99a986403_by_time_global_accuracy.csv,S_Bias_excess_background_dS001,CSV text/parsed scalar,5792 rows,Dimensionless or normalized diagnostic; exact normalization is defined in the originating evaluator,1,DERIVED_REQUIRES_EVALUATOR_REFERENCE,Blank/NaN values retain evaluator meaning; consult generating code
data/figure_source_data/2ac99a986403_by_time_global_accuracy.csv,dS_RMSE_excess_background_dS001,CSV text/parsed scalar,5792 rows,Dimensionless or normalized diagnostic; exact normalization is defined in the originating evaluator,1,DERIVED_REQUIRES_EVALUATOR_REFERENCE,Blank/NaN values retain evaluator meaning; consult generating code
data/figure_source_data/2ac99a986403_by_time_global_accuracy.csv,dS_MAE_excess_background_dS001,CSV text/parsed scalar,5792 rows,Dimensionless or normalized diagnostic; exact normalization is defined in the originating evaluator,1,DERIVED_REQUIRES_EVALUATOR_REFERENCE,Blank/NaN values retain evaluator meaning; consult generating code
data/figure_source_data/2ac99a986403_by_time_global_accuracy.csv,dS_Bias_excess_background_dS001,CSV text/parsed scalar,5792 rows,Dimensionless or normalized diagnostic; exact normalization is defined in the originating evaluator,1,DERIVED_REQUIRES_EVALUATOR_REFERENCE,Blank/NaN values retain evaluator meaning; consult generating code
data/figure_source_data/2ac99a986403_by_time_global_accuracy.csv,n_excess_background_dS001,CSV text/parsed scalar,5792 rows,Count or iteration index identified by the originating evaluator,count,DERIVED_FROM_FIELD_NAME,Blank/NaN values retain evaluator meaning; consult generating code
data/figure_source_data/2ac99a986403_by_time_global_accuracy.csv,S_RMSE_excess_leading_band_dS005,CSV text/parsed scalar,5792 rows,Dimensionless or normalized diagnostic; exact normalization is defined in the originating evaluator,1,DERIVED_REQUIRES_EVALUATOR_REFERENCE,Blank/NaN values retain evaluator meaning; consult generating code
data/figure_source_data/2ac99a986403_by_time_global_accuracy.csv,S_MAE_excess_leading_band_dS005,CSV text/parsed scalar,5792 rows,Dimensionless or normalized diagnostic; exact normalization is defined in the originating evaluator,1,DERIVED_REQUIRES_EVALUATOR_REFERENCE,Blank/NaN values retain evaluator meaning; consult generating code
data/figure_source_data/2ac99a986403_by_time_global_accuracy.csv,S_Bias_excess_leading_band_dS005,CSV text/parsed scalar,5792 rows,Dimensionless or normalized diagnostic; exact normalization is defined in the originating evaluator,1,DERIVED_REQUIRES_EVALUATOR_REFERENCE,Blank/NaN values retain evaluator meaning; consult generating code
data/figure_source_data/2ac99a986403_by_time_global_accuracy.csv,dS_RMSE_excess_leading_band_dS005,CSV text/parsed scalar,5792 rows,Dimensionless or normalized diagnostic; exact normalization is defined in the originating evaluator,1,DERIVED_REQUIRES_EVALUATOR_REFERENCE,Blank/NaN values retain evaluator meaning; consult generating code
data/figure_source_data/2ac99a986403_by_time_global_accuracy.csv,dS_MAE_excess_leading_band_dS005,CSV text/parsed scalar,5792 rows,Dimensionless or normalized diagnostic; exact normalization is defined in the originating evaluator,1,DERIVED_REQUIRES_EVALUATOR_REFERENCE,Blank/NaN values retain evaluator meaning; consult generating code
data/figure_source_data/2ac99a986403_by_time_global_accuracy.csv,dS_Bias_excess_leading_band_dS005,CSV text/parsed scalar,5792 rows,Dimensionless or normalized diagnostic; exact normalization is defined in the originating evaluator,1,DERIVED_REQUIRES_EVALUATOR_REFERENCE,Blank/NaN values retain evaluator meaning; consult generating code
data/figure_source_data/2ac99a986403_by_time_global_accuracy.csv,n_excess_leading_band_dS005,CSV text/parsed scalar,5792 rows,Count or iteration index identified by the originating evaluator,count,DERIVED_FROM_FIELD_NAME,Blank/NaN values retain evaluator meaning; consult generating code
data/figure_source_data/2ac99a986403_by_time_global_accuracy.csv,IC_S_RMSE_vs_S_IC_CO2,CSV text/parsed scalar,5792 rows,Dimensionless or normalized diagnostic; exact normalization is defined in the originating evaluator,1,DERIVED_REQUIRES_EVALUATOR_REFERENCE,Blank/NaN values retain evaluator meaning; consult generating code
data/figure_source_data/2ac99a986403_by_time_global_accuracy.csv,IC_S_Bias_vs_S_IC_CO2,CSV text/parsed scalar,5792 rows,Dimensionless or normalized diagnostic; exact normalization is defined in the originating evaluator,1,DERIVED_REQUIRES_EVALUATOR_REFERENCE,Blank/NaN values retain evaluator meaning; consult generating code
data/figure_source_data/2ac99a986403_by_time_global_accuracy.csv,plot_label,CSV text/parsed scalar,5792 rows,Plot label,text,VERIFIED_FROM_MANUSCRIPT_OR_FIELD,Blank/NaN values retain evaluator meaning; consult generating code
data/figure_source_data/2ac99a986403_by_time_global_accuracy.csv,plot_group,CSV text/parsed scalar,5792 rows,Plot grouping identifier,identifier,VERIFIED_FROM_MANUSCRIPT_OR_FIELD,Blank/NaN values retain evaluator meaning; consult generating code
data/figure_source_data/32e314f5d40a_by_seed.csv,case,CSV text/parsed scalar,96 rows,Physical-case identifier (H or K),identifier,VERIFIED_FROM_MANUSCRIPT_OR_FIELD,Blank/NaN values retain evaluator meaning; consult generating code
data/figure_source_data/32e314f5d40a_by_seed.csv,role,CSV text/parsed scalar,96 rows,Model role in the cumulative construction,identifier,VERIFIED_FROM_MANUSCRIPT_OR_FIELD,Blank/NaN values retain evaluator meaning; consult generating code
data/figure_source_data/32e314f5d40a_by_seed.csv,grid,CSV text/parsed scalar,96 rows,Evaluation-grid identifier,identifier,VERIFIED_FROM_MANUSCRIPT_OR_FIELD,Blank/NaN values retain evaluator meaning; consult generating code
data/figure_source_data/32e314f5d40a_by_seed.csv,mapping,CSV text/parsed scalar,96 rows,Reference-to-evaluation-grid mapping method,identifier,VERIFIED_FROM_MANUSCRIPT_OR_FIELD,Blank/NaN values retain evaluator meaning; consult generating code
data/figure_source_data/32e314f5d40a_by_seed.csv,seed,CSV text/parsed scalar,96 rows,Training random seed,identifier,VERIFIED_FROM_MANUSCRIPT_OR_FIELD,Blank/NaN values retain evaluator meaning; consult generating code
data/figure_source_data/32e314f5d40a_by_seed.csv,error,CSV text/parsed scalar,96 rows,Common area-weighted CO2 inventory relative error,1,VERIFIED_FROM_MANUSCRIPT_OR_FIELD,Blank/NaN values retain evaluator meaning; consult generating code
data/figure_source_data/32e314f5d40a_by_seed.csv,raw_reference_error,CSV text/parsed scalar,96 rows,Common inventory error before the archived reference-EOS adjustment,1,VERIFIED_FROM_MANUSCRIPT_OR_FIELD,Blank/NaN values retain evaluator meaning; consult generating code
data/figure_source_data/32e314f5d40a_by_seed.csv,unclipped_error,CSV text/parsed scalar,96 rows,Common inventory error without EOS-domain clipping,1,VERIFIED_FROM_MANUSCRIPT_OR_FIELD,Blank/NaN values retain evaluator meaning; consult generating code
data/figure_source_data/32e314f5d40a_by_seed.csv,initial_error,CSV text/parsed scalar,96 rows,Common inventory relative error at the initial snapshot,1,VERIFIED_FROM_MANUSCRIPT_OR_FIELD,Blank/NaN values retain evaluator meaning; consult generating code
data/figure_source_data/32e314f5d40a_by_seed.csv,reference_peak_kg_per_m,CSV text/parsed scalar,96 rows,Areal-model inventory quantity identified by the originating evaluator,kg m-1,UNIT_VERIFIED_DEFINITION_DERIVED,Blank/NaN values retain evaluator meaning; consult generating code
data/figure_source_data/32e314f5d40a_by_seed.csv,raw_eos_reference_difference,CSV text/parsed scalar,96 rows,Relative difference between raw and shared-EOS reference inventories,1,VERIFIED_FROM_MANUSCRIPT_OR_FIELD,Blank/NaN values retain evaluator meaning; consult generating code
data/figure_source_data/32e314f5d40a_by_seed.csv,max_clipped_fraction,CSV text/parsed scalar,96 rows,Maximum fraction of quadrature cells requiring EOS-domain clipping,1,VERIFIED_FROM_MANUSCRIPT_OR_FIELD,Blank/NaN values retain evaluator meaning; consult generating code
data/figure_source_data/32e314f5d40a_by_seed.csv,min_pressure_pa,CSV text/parsed scalar,96 rows,Pressure-derived quantity identified by the originating evaluator,Pa,UNIT_VERIFIED_DEFINITION_DERIVED,Blank/NaN values retain evaluator meaning; consult generating code
data/figure_source_data/32e314f5d40a_by_seed.csv,max_pressure_pa,CSV text/parsed scalar,96 rows,Pressure-derived quantity identified by the originating evaluator,Pa,UNIT_VERIFIED_DEFINITION_DERIVED,Blank/NaN values retain evaluator meaning; consult generating code
data/figure_source_data/32e314f5d40a_by_seed.csv,effective_area_m2,CSV text/parsed scalar,96 rows,Effective quadrature area after excluded-well masking,m2,VERIFIED_FROM_MANUSCRIPT_OR_FIELD,Blank/NaN values retain evaluator meaning; consult generating code
data/figure_source_data/40cd0b2f65da_snapshot_metadata.json,label,str,scalar or nested JSON,Display label,text,VERIFIED_FROM_MANUSCRIPT_OR_FIELD,JSON null if present
data/figure_source_data/40cd0b2f65da_snapshot_metadata.json,run_id,str,scalar or nested JSON,Archived run identifier,identifier,VERIFIED_FROM_MANUSCRIPT_OR_FIELD,JSON null if present
data/figure_source_data/40cd0b2f65da_snapshot_metadata.json,exp_name,str,scalar or nested JSON,Experiment identifier,identifier,VERIFIED_FROM_MANUSCRIPT_OR_FIELD,JSON null if present
data/figure_source_data/40cd0b2f65da_snapshot_metadata.json,training_strategy,str,scalar or nested JSON,Training-strategy identifier,identifier,VERIFIED_FROM_MANUSCRIPT_OR_FIELD,JSON null if present
data/figure_source_data/40cd0b2f65da_snapshot_metadata.json,leave_out,str,scalar or nested JSON,Leave-one-out component identifier,identifier,VERIFIED_FROM_MANUSCRIPT_OR_FIELD,JSON null if present
data/figure_source_data/40cd0b2f65da_snapshot_metadata.json,checkpoint,str,scalar or nested JSON,Checkpoint locator captured in the source metadata,path,VERIFIED_FROM_MANUSCRIPT_OR_FIELD,JSON null if present
data/figure_source_data/40cd0b2f65da_snapshot_metadata.json,times,list,scalar or nested JSON,Nested list of selected snapshot tags and physical times,JSON object,VERIFIED_FROM_MANUSCRIPT_OR_FIELD,JSON null if present
data/figure_source_data/42ecb985478c_snapshot_metadata.json,label,str,scalar or nested JSON,Display label,text,VERIFIED_FROM_MANUSCRIPT_OR_FIELD,JSON null if present
data/figure_source_data/42ecb985478c_snapshot_metadata.json,run_id,str,scalar or nested JSON,Archived run identifier,identifier,VERIFIED_FROM_MANUSCRIPT_OR_FIELD,JSON null if present
data/figure_source_data/42ecb985478c_snapshot_metadata.json,exp_name,str,scalar or nested JSON,Experiment identifier,identifier,VERIFIED_FROM_MANUSCRIPT_OR_FIELD,JSON null if present
data/figure_source_data/42ecb985478c_snapshot_metadata.json,training_strategy,str,scalar or nested JSON,Training-strategy identifier,identifier,VERIFIED_FROM_MANUSCRIPT_OR_FIELD,JSON null if present
data/figure_source_data/42ecb985478c_snapshot_metadata.json,leave_out,str,scalar or nested JSON,Leave-one-out component identifier,identifier,VERIFIED_FROM_MANUSCRIPT_OR_FIELD,JSON null if present
data/figure_source_data/42ecb985478c_snapshot_metadata.json,checkpoint,str,scalar or nested JSON,Checkpoint locator captured in the source metadata,path,VERIFIED_FROM_MANUSCRIPT_OR_FIELD,JSON null if present
data/figure_source_data/42ecb985478c_snapshot_metadata.json,times,list,scalar or nested JSON,Nested list of selected snapshot tags and physical times,JSON object,VERIFIED_FROM_MANUSCRIPT_OR_FIELD,JSON null if present
data/figure_source_data/44586ea104cb_snapshot_grid.npz,X,float64,500x500,Cartesian x-coordinate on the 500 x 500 display grid,m,VERIFIED_FROM_MANUSCRIPT_OR_FIELD,None
data/figure_source_data/44586ea104cb_snapshot_grid.npz,Y,float64,500x500,Cartesian y-coordinate on the 500 x 500 display grid,m,VERIFIED_FROM_MANUSCRIPT_OR_FIELD,None
data/figure_source_data/44586ea104cb_snapshot_grid.npz,p_true,float64,500x500,IC-FERST reference pressure,Pa,VERIFIED_FROM_MANUSCRIPT_OR_FIELD,4004 NaN values; in 500 x 500 fields these mask excluded well interiors
data/figure_source_data/44586ea104cb_snapshot_grid.npz,p_pred,float64,500x500,PINN-predicted physical pressure,Pa,VERIFIED_FROM_MANUSCRIPT_OR_FIELD,4004 NaN values; in 500 x 500 fields these mask excluded well interiors
data/figure_source_data/44586ea104cb_snapshot_grid.npz,p_error,float64,500x500,"Signed pressure error, prediction minus reference",Pa,VERIFIED_FROM_MANUSCRIPT_OR_FIELD,4004 NaN values; in 500 x 500 fields these mask excluded well interiors
data/figure_source_data/44586ea104cb_snapshot_grid.npz,S_true,float64,500x500,IC-FERST reference CO2 saturation,1,VERIFIED_FROM_MANUSCRIPT_OR_FIELD,4004 NaN values; in 500 x 500 fields these mask excluded well interiors
data/figure_source_data/44586ea104cb_snapshot_grid.npz,S_pred,float64,500x500,PINN-predicted CO2 saturation,1,VERIFIED_FROM_MANUSCRIPT_OR_FIELD,4004 NaN values; in 500 x 500 fields these mask excluded well interiors
data/figure_source_data/44586ea104cb_snapshot_grid.npz,S_error,float64,500x500,"Signed CO2-saturation error, prediction minus reference",1,VERIFIED_FROM_MANUSCRIPT_OR_FIELD,4004 NaN values; in 500 x 500 fields these mask excluded well interiors
data/figure_source_data/44586ea104cb_snapshot_grid.npz,time_seconds,float64,scalar,Physical simulation time,s,VERIFIED_FROM_MANUSCRIPT_OR_FIELD,None
data/figure_source_data/44586ea104cb_snapshot_grid.npz,time_display,float64,scalar,Physical simulation time in the unit named by time_unit,see time_unit,VERIFIED_FROM_MANUSCRIPT_OR_FIELD,None
data/figure_source_data/44586ea104cb_snapshot_grid.npz,time_unit,<U4,scalar,Unit label for time_display,text,VERIFIED_FROM_MANUSCRIPT_OR_FIELD,None
data/figure_source_data/44ce4bae0f55_by_run.csv,case,CSV text/parsed scalar,76 rows,Physical-case identifier (H or K),identifier,VERIFIED_FROM_MANUSCRIPT_OR_FIELD,Blank/NaN values retain evaluator meaning; consult generating code
data/figure_source_data/44ce4bae0f55_by_run.csv,run_id,CSV text/parsed scalar,76 rows,Archived run identifier,identifier,VERIFIED_FROM_MANUSCRIPT_OR_FIELD,Blank/NaN values retain evaluator meaning; consult generating code
data/figure_source_data/44ce4bae0f55_by_run.csv,role,CSV text/parsed scalar,76 rows,Model role in the cumulative construction,identifier,VERIFIED_FROM_MANUSCRIPT_OR_FIELD,Blank/NaN values retain evaluator meaning; consult generating code
data/figure_source_data/44ce4bae0f55_by_run.csv,seed,CSV text/parsed scalar,76 rows,Training random seed,identifier,VERIFIED_FROM_MANUSCRIPT_OR_FIELD,Blank/NaN values retain evaluator meaning; consult generating code
data/figure_source_data/44ce4bae0f55_by_run.csv,n_both_present,CSV text/parsed scalar,76 rows,Count or iteration index identified by the originating evaluator,count,DERIVED_FROM_FIELD_NAME,Blank/NaN values retain evaluator meaning; consult generating code
data/figure_source_data/44ce4bae0f55_by_run.csv,n_predicted_missing,CSV text/parsed scalar,76 rows,Count or iteration index identified by the originating evaluator,count,DERIVED_FROM_FIELD_NAME,Blank/NaN values retain evaluator meaning; consult generating code
data/figure_source_data/44ce4bae0f55_by_run.csv,initial_false_front,CSV text/parsed scalar,76 rows,Indicator that a predicted initial contour exists when the reference contour does not,boolean,VERIFIED_FROM_MANUSCRIPT_OR_FIELD,Blank/NaN values retain evaluator meaning; consult generating code
data/figure_source_data/44ce4bae0f55_by_run.csv,conditional_chamfer_m,CSV text/parsed scalar,76 rows,Conditional symmetric front-contour Chamfer distance,m,VERIFIED_FROM_MANUSCRIPT_OR_FIELD,Blank/NaN values retain evaluator meaning; consult generating code
data/figure_source_data/44ce4bae0f55_by_run.csv,all_defined_penalized_m,CSV text/parsed scalar,76 rows,Contour distance with the declared penalty applied to all defined cases,m,VERIFIED_FROM_MANUSCRIPT_OR_FIELD,Blank/NaN values retain evaluator meaning; consult generating code
data/figure_source_data/44ce4bae0f55_by_run.csv,reference_present_penalized_m,CSV text/parsed scalar,76 rows,Contour distance with the declared penalty when a reference contour is present,m,VERIFIED_FROM_MANUSCRIPT_OR_FIELD,Blank/NaN values retain evaluator meaning; consult generating code
data/figure_source_data/44ce4bae0f55_by_run.csv,IC_grid_S_RMSE,CSV text/parsed scalar,76 rows,Dimensionless or normalized diagnostic; exact normalization is defined in the originating evaluator,1,DERIVED_REQUIRES_EVALUATOR_REFERENCE,Blank/NaN values retain evaluator meaning; consult generating code
data/figure_source_data/44ce4bae0f55_by_run.csv,IC_grid_S_bias,CSV text/parsed scalar,76 rows,Dimensionless or normalized diagnostic; exact normalization is defined in the originating evaluator,1,DERIVED_REQUIRES_EVALUATOR_REFERENCE,Blank/NaN values retain evaluator meaning; consult generating code
data/figure_source_data/464c44c6a76b_paired_effects.csv,study,CSV text/parsed scalar,130 rows,Study identifier,identifier,VERIFIED_FROM_MANUSCRIPT_OR_FIELD,Blank/NaN values retain evaluator meaning; consult generating code
data/figure_source_data/464c44c6a76b_paired_effects.csv,role,CSV text/parsed scalar,130 rows,Model role in the cumulative construction,identifier,VERIFIED_FROM_MANUSCRIPT_OR_FIELD,Blank/NaN values retain evaluator meaning; consult generating code
data/figure_source_data/464c44c6a76b_paired_effects.csv,base,CSV text/parsed scalar,130 rows,Baseline role for a paired comparison,identifier,VERIFIED_FROM_MANUSCRIPT_OR_FIELD,Blank/NaN values retain evaluator meaning; consult generating code
data/figure_source_data/464c44c6a76b_paired_effects.csv,metric,CSV text/parsed scalar,130 rows,Metric identifier,identifier,VERIFIED_FROM_MANUSCRIPT_OR_FIELD,Blank/NaN values retain evaluator meaning; consult generating code
data/figure_source_data/464c44c6a76b_paired_effects.csv,mean_percent,CSV text/parsed scalar,130 rows,Percentage quantity identified by the originating evaluator,%,UNIT_VERIFIED_DEFINITION_DERIVED,Blank/NaN values retain evaluator meaning; consult generating code
data/figure_source_data/464c44c6a76b_paired_effects.csv,SD_percent,CSV text/parsed scalar,130 rows,Percentage quantity identified by the originating evaluator,%,UNIT_VERIFIED_DEFINITION_DERIVED,Blank/NaN values retain evaluator meaning; consult generating code
data/figure_source_data/464c44c6a76b_paired_effects.csv,n_increased,CSV text/parsed scalar,130 rows,Number of seeds with a positive paired change,count,VERIFIED_FROM_MANUSCRIPT_OR_FIELD,Blank/NaN values retain evaluator meaning; consult generating code
data/figure_source_data/464c44c6a76b_paired_effects.csv,n,CSV text/parsed scalar,130 rows,Number of observations contributing to the summary,count,VERIFIED_FROM_MANUSCRIPT_OR_FIELD,Blank/NaN values retain evaluator meaning; consult generating code
data/figure_source_data/4c132295533d_K_paired_effects.csv,role,CSV text/parsed scalar,15 rows,Model role in the cumulative construction,identifier,VERIFIED_FROM_MANUSCRIPT_OR_FIELD,Blank/NaN values retain evaluator meaning; consult generating code
data/figure_source_data/4c132295533d_K_paired_effects.csv,metric,CSV text/parsed scalar,15 rows,Metric identifier,identifier,VERIFIED_FROM_MANUSCRIPT_OR_FIELD,Blank/NaN values retain evaluator meaning; consult generating code
data/figure_source_data/4c132295533d_K_paired_effects.csv,mean_percent,CSV text/parsed scalar,15 rows,Percentage quantity identified by the originating evaluator,%,UNIT_VERIFIED_DEFINITION_DERIVED,Blank/NaN values retain evaluator meaning; consult generating code
data/figure_source_data/4c132295533d_K_paired_effects.csv,SD_percent,CSV text/parsed scalar,15 rows,Percentage quantity identified by the originating evaluator,%,UNIT_VERIFIED_DEFINITION_DERIVED,Blank/NaN values retain evaluator meaning; consult generating code
data/figure_source_data/4c132295533d_K_paired_effects.csv,n_increased,CSV text/parsed scalar,15 rows,Number of seeds with a positive paired change,count,VERIFIED_FROM_MANUSCRIPT_OR_FIELD,Blank/NaN values retain evaluator meaning; consult generating code
data/figure_source_data/4c132295533d_K_paired_effects.csv,n,CSV text/parsed scalar,15 rows,Number of observations contributing to the summary,count,VERIFIED_FROM_MANUSCRIPT_OR_FIELD,Blank/NaN values retain evaluator meaning; consult generating code
data/figure_source_data/4ee4ce7f2427_snapshot_grid.npz,X,float64,500x500,Cartesian x-coordinate on the 500 x 500 display grid,m,VERIFIED_FROM_MANUSCRIPT_OR_FIELD,None
data/figure_source_data/4ee4ce7f2427_snapshot_grid.npz,Y,float64,500x500,Cartesian y-coordinate on the 500 x 500 display grid,m,VERIFIED_FROM_MANUSCRIPT_OR_FIELD,None
data/figure_source_data/4ee4ce7f2427_snapshot_grid.npz,p_true,float64,500x500,IC-FERST reference pressure,Pa,VERIFIED_FROM_MANUSCRIPT_OR_FIELD,4004 NaN values; in 500 x 500 fields these mask excluded well interiors
data/figure_source_data/4ee4ce7f2427_snapshot_grid.npz,p_pred,float64,500x500,PINN-predicted physical pressure,Pa,VERIFIED_FROM_MANUSCRIPT_OR_FIELD,4004 NaN values; in 500 x 500 fields these mask excluded well interiors
data/figure_source_data/4ee4ce7f2427_snapshot_grid.npz,p_error,float64,500x500,"Signed pressure error, prediction minus reference",Pa,VERIFIED_FROM_MANUSCRIPT_OR_FIELD,4004 NaN values; in 500 x 500 fields these mask excluded well interiors
data/figure_source_data/4ee4ce7f2427_snapshot_grid.npz,S_true,float64,500x500,IC-FERST reference CO2 saturation,1,VERIFIED_FROM_MANUSCRIPT_OR_FIELD,4004 NaN values; in 500 x 500 fields these mask excluded well interiors
data/figure_source_data/4ee4ce7f2427_snapshot_grid.npz,S_pred,float64,500x500,PINN-predicted CO2 saturation,1,VERIFIED_FROM_MANUSCRIPT_OR_FIELD,4004 NaN values; in 500 x 500 fields these mask excluded well interiors
data/figure_source_data/4ee4ce7f2427_snapshot_grid.npz,S_error,float64,500x500,"Signed CO2-saturation error, prediction minus reference",1,VERIFIED_FROM_MANUSCRIPT_OR_FIELD,4004 NaN values; in 500 x 500 fields these mask excluded well interiors
data/figure_source_data/4ee4ce7f2427_snapshot_grid.npz,time_seconds,float64,scalar,Physical simulation time,s,VERIFIED_FROM_MANUSCRIPT_OR_FIELD,None
data/figure_source_data/4ee4ce7f2427_snapshot_grid.npz,time_display,float64,scalar,Physical simulation time in the unit named by time_unit,see time_unit,VERIFIED_FROM_MANUSCRIPT_OR_FIELD,None
data/figure_source_data/4ee4ce7f2427_snapshot_grid.npz,time_unit,<U4,scalar,Unit label for time_display,text,VERIFIED_FROM_MANUSCRIPT_OR_FIELD,None
data/figure_source_data/5076b023483f_snapshot_metadata.json,label,str,scalar or nested JSON,Display label,text,VERIFIED_FROM_MANUSCRIPT_OR_FIELD,JSON null if present
data/figure_source_data/5076b023483f_snapshot_metadata.json,run_id,str,scalar or nested JSON,Archived run identifier,identifier,VERIFIED_FROM_MANUSCRIPT_OR_FIELD,JSON null if present
data/figure_source_data/5076b023483f_snapshot_metadata.json,exp_name,str,scalar or nested JSON,Experiment identifier,identifier,VERIFIED_FROM_MANUSCRIPT_OR_FIELD,JSON null if present
data/figure_source_data/5076b023483f_snapshot_metadata.json,training_strategy,str,scalar or nested JSON,Training-strategy identifier,identifier,VERIFIED_FROM_MANUSCRIPT_OR_FIELD,JSON null if present
data/figure_source_data/5076b023483f_snapshot_metadata.json,leave_out,str,scalar or nested JSON,Leave-one-out component identifier,identifier,VERIFIED_FROM_MANUSCRIPT_OR_FIELD,JSON null if present
data/figure_source_data/5076b023483f_snapshot_metadata.json,checkpoint,str,scalar or nested JSON,Checkpoint locator captured in the source metadata,path,VERIFIED_FROM_MANUSCRIPT_OR_FIELD,JSON null if present
data/figure_source_data/5076b023483f_snapshot_metadata.json,times,list,scalar or nested JSON,Nested list of selected snapshot tags and physical times,JSON object,VERIFIED_FROM_MANUSCRIPT_OR_FIELD,JSON null if present
data/figure_source_data/5184d0351607_snapshot_grid.npz,X,float64,500x500,Cartesian x-coordinate on the 500 x 500 display grid,m,VERIFIED_FROM_MANUSCRIPT_OR_FIELD,None
data/figure_source_data/5184d0351607_snapshot_grid.npz,Y,float64,500x500,Cartesian y-coordinate on the 500 x 500 display grid,m,VERIFIED_FROM_MANUSCRIPT_OR_FIELD,None
data/figure_source_data/5184d0351607_snapshot_grid.npz,p_true,float64,500x500,IC-FERST reference pressure,Pa,VERIFIED_FROM_MANUSCRIPT_OR_FIELD,4004 NaN values; in 500 x 500 fields these mask excluded well interiors
data/figure_source_data/5184d0351607_snapshot_grid.npz,p_pred,float64,500x500,PINN-predicted physical pressure,Pa,VERIFIED_FROM_MANUSCRIPT_OR_FIELD,4004 NaN values; in 500 x 500 fields these mask excluded well interiors
data/figure_source_data/5184d0351607_snapshot_grid.npz,p_error,float64,500x500,"Signed pressure error, prediction minus reference",Pa,VERIFIED_FROM_MANUSCRIPT_OR_FIELD,4004 NaN values; in 500 x 500 fields these mask excluded well interiors
data/figure_source_data/5184d0351607_snapshot_grid.npz,S_true,float64,500x500,IC-FERST reference CO2 saturation,1,VERIFIED_FROM_MANUSCRIPT_OR_FIELD,4004 NaN values; in 500 x 500 fields these mask excluded well interiors
data/figure_source_data/5184d0351607_snapshot_grid.npz,S_pred,float64,500x500,PINN-predicted CO2 saturation,1,VERIFIED_FROM_MANUSCRIPT_OR_FIELD,4004 NaN values; in 500 x 500 fields these mask excluded well interiors
data/figure_source_data/5184d0351607_snapshot_grid.npz,S_error,float64,500x500,"Signed CO2-saturation error, prediction minus reference",1,VERIFIED_FROM_MANUSCRIPT_OR_FIELD,4004 NaN values; in 500 x 500 fields these mask excluded well interiors
data/figure_source_data/5184d0351607_snapshot_grid.npz,time_seconds,float64,scalar,Physical simulation time,s,VERIFIED_FROM_MANUSCRIPT_OR_FIELD,None
data/figure_source_data/5184d0351607_snapshot_grid.npz,time_display,float64,scalar,Physical simulation time in the unit named by time_unit,see time_unit,VERIFIED_FROM_MANUSCRIPT_OR_FIELD,None
data/figure_source_data/5184d0351607_snapshot_grid.npz,time_unit,<U4,scalar,Unit label for time_display,text,VERIFIED_FROM_MANUSCRIPT_OR_FIELD,None
data/figure_source_data/5d5cfad89ed5_loss_points.csv,run_id,CSV text/parsed scalar,400 rows,Archived run identifier,identifier,VERIFIED_FROM_MANUSCRIPT_OR_FIELD,Blank/NaN values retain evaluator meaning; consult generating code
data/figure_source_data/5d5cfad89ed5_loss_points.csv,short_label,CSV text/parsed scalar,400 rows,Short display label for a run,text,VERIFIED_FROM_MANUSCRIPT_OR_FIELD,Blank/NaN values retain evaluator meaning; consult generating code
data/figure_source_data/5d5cfad89ed5_loss_points.csv,exp_name,CSV text/parsed scalar,400 rows,Experiment identifier,identifier,VERIFIED_FROM_MANUSCRIPT_OR_FIELD,Blank/NaN values retain evaluator meaning; consult generating code
data/figure_source_data/5d5cfad89ed5_loss_points.csv,training_strategy,CSV text/parsed scalar,400 rows,Training-strategy identifier,identifier,VERIFIED_FROM_MANUSCRIPT_OR_FIELD,Blank/NaN values retain evaluator meaning; consult generating code
data/figure_source_data/5d5cfad89ed5_loss_points.csv,leave_out,CSV text/parsed scalar,400 rows,Leave-one-out component identifier,identifier,VERIFIED_FROM_MANUSCRIPT_OR_FIELD,Blank/NaN values retain evaluator meaning; consult generating code
data/figure_source_data/5d5cfad89ed5_loss_points.csv,seed,CSV text/parsed scalar,400 rows,Training random seed,identifier,VERIFIED_FROM_MANUSCRIPT_OR_FIELD,Blank/NaN values retain evaluator meaning; consult generating code
data/figure_source_data/5d5cfad89ed5_loss_points.csv,kind,CSV text/parsed scalar,400 rows,Optimizer/log-record kind,identifier,VERIFIED_FROM_MANUSCRIPT_OR_FIELD,Blank/NaN values retain evaluator meaning; consult generating code
data/figure_source_data/5d5cfad89ed5_loss_points.csv,x,CSV text/parsed scalar,400 rows,Recorded optimizer iteration coordinate,iteration,VERIFIED_FROM_SOURCE_CONTEXT,Blank/NaN values retain evaluator meaning; consult generating code
data/figure_source_data/5d5cfad89ed5_loss_points.csv,mode,CSV text/parsed scalar,400 rows,Partition or training mode,identifier,VERIFIED_FROM_MANUSCRIPT_OR_FIELD,Blank/NaN values retain evaluator meaning; consult generating code
data/figure_source_data/5d5cfad89ed5_loss_points.csv,loss,CSV text/parsed scalar,400 rows,Dimensionless or normalized diagnostic; exact normalization is defined in the originating evaluator,1,DERIVED_REQUIRES_EVALUATOR_REFERENCE,Blank/NaN values retain evaluator meaning; consult generating code
data/figure_source_data/5d5cfad89ed5_loss_points.csv,wPDE,CSV text/parsed scalar,400 rows,Scheduled outer PDE-loss weight,1,VERIFIED_FROM_MANUSCRIPT_OR_FIELD,Blank/NaN values retain evaluator meaning; consult generating code
data/figure_source_data/5d5cfad89ed5_loss_points.csv,wFV,CSV text/parsed scalar,400 rows,Scheduled outer local-FV-loss weight,1,VERIFIED_FROM_MANUSCRIPT_OR_FIELD,Blank/NaN values retain evaluator meaning; consult generating code
data/figure_source_data/5d5cfad89ed5_loss_points.csv,wFG,CSV text/parsed scalar,400 rows,Scheduled internal pairwise-front-gradient multiplier,1,VERIFIED_FROM_MANUSCRIPT_OR_FIELD,Blank/NaN values retain evaluator meaning; consult generating code
data/figure_source_data/5d5cfad89ed5_loss_points.csv,beta,CSV text/parsed scalar,400 rows,Recorded saturation-head or curriculum beta parameter; blank when not logged,1,VERIFIED_FROM_MANUSCRIPT_OR_FIELD,Blank/NaN values retain evaluator meaning; consult generating code
data/figure_source_data/5d5cfad89ed5_loss_points.csv,eps,CSV text/parsed scalar,400 rows,Recorded artificial-diffusion curriculum coefficient; zero in BASE,1,VERIFIED_FROM_MANUSCRIPT_OR_FIELD,Blank/NaN values retain evaluator meaning; consult generating code
data/figure_source_data/5d5cfad89ed5_loss_points.csv,pde,CSV text/parsed scalar,400 rows,Logged pointwise PDE loss component before its outer objective weight,1,VERIFIED_FROM_MANUSCRIPT_OR_FIELD,Blank/NaN values retain evaluator meaning; consult generating code
data/figure_source_data/5d5cfad89ed5_loss_points.csv,fv,CSV text/parsed scalar,400 rows,Logged local finite-volume loss component before its outer objective weight,1,VERIFIED_FROM_MANUSCRIPT_OR_FIELD,Blank/NaN values retain evaluator meaning; consult generating code
data/figure_source_data/5d5cfad89ed5_loss_points.csv,fvC,CSV text/parsed scalar,400 rows,Logged CO2 local finite-volume loss component,1,VERIFIED_FROM_MANUSCRIPT_OR_FIELD,Blank/NaN values retain evaluator meaning; consult generating code
data/figure_source_data/5d5cfad89ed5_loss_points.csv,fvW,CSV text/parsed scalar,400 rows,Logged brine local finite-volume loss component,1,VERIFIED_FROM_MANUSCRIPT_OR_FIELD,Blank/NaN values retain evaluator meaning; consult generating code
data/figure_source_data/5d5cfad89ed5_loss_points.csv,dataP,CSV text/parsed scalar,400 rows,Logged pressure-data loss component,1,VERIFIED_FROM_MANUSCRIPT_OR_FIELD,Blank/NaN values retain evaluator meaning; consult generating code
data/figure_source_data/5d5cfad89ed5_loss_points.csv,dataS,CSV text/parsed scalar,400 rows,Logged saturation-data loss component,1,VERIFIED_FROM_MANUSCRIPT_OR_FIELD,Blank/NaN values retain evaluator meaning; consult generating code
data/figure_source_data/5d5cfad89ed5_loss_points.csv,Sg,CSV text/parsed scalar,400 rows,Logged saturation global-data subcomponent,1,VERIFIED_FROM_MANUSCRIPT_OR_FIELD,Blank/NaN values retain evaluator meaning; consult generating code
data/figure_source_data/5d5cfad89ed5_loss_points.csv,Sf,CSV text/parsed scalar,400 rows,Logged saturation front-band subcomponent,1,VERIFIED_FROM_MANUSCRIPT_OR_FIELD,Blank/NaN values retain evaluator meaning; consult generating code
data/figure_source_data/5d5cfad89ed5_loss_points.csv,Sp,CSV text/parsed scalar,400 rows,Logged saturation plume-support subcomponent,1,VERIFIED_FROM_MANUSCRIPT_OR_FIELD,Blank/NaN values retain evaluator meaning; consult generating code
data/figure_source_data/5d5cfad89ed5_loss_points.csv,Sfg,CSV text/parsed scalar,400 rows,Logged pairwise front-gradient supervision component,1,VERIFIED_FROM_MANUSCRIPT_OR_FIELD,Blank/NaN values retain evaluator meaning; consult generating code
data/figure_source_data/5d5cfad89ed5_loss_points.csv,injF,CSV text/parsed scalar,400 rows,Logged injector flux boundary-loss component,1,VERIFIED_FROM_MANUSCRIPT_OR_FIELD,Blank/NaN values retain evaluator meaning; consult generating code
data/figure_source_data/5d5cfad89ed5_loss_points.csv,injS,CSV text/parsed scalar,400 rows,Logged injector saturation boundary-loss component,1,VERIFIED_FROM_MANUSCRIPT_OR_FIELD,Blank/NaN values retain evaluator meaning; consult generating code
data/figure_source_data/5d5cfad89ed5_loss_points.csv,outP,CSV text/parsed scalar,400 rows,Logged outlet pressure boundary-loss component,1,VERIFIED_FROM_MANUSCRIPT_OR_FIELD,Blank/NaN values retain evaluator meaning; consult generating code
data/figure_source_data/5d5cfad89ed5_loss_points.csv,outBF,CSV text/parsed scalar,400 rows,Logged outlet backflow penalty component,1,VERIFIED_FROM_MANUSCRIPT_OR_FIELD,Blank/NaN values retain evaluator meaning; consult generating code
data/figure_source_data/5d5cfad89ed5_loss_points.csv,noflow,CSV text/parsed scalar,400 rows,Logged no-flow boundary-loss component,1,VERIFIED_FROM_MANUSCRIPT_OR_FIELD,Blank/NaN values retain evaluator meaning; consult generating code
data/figure_source_data/5d5cfad89ed5_loss_points.csv,icP,CSV text/parsed scalar,400 rows,Logged initial pressure loss component,1,VERIFIED_FROM_MANUSCRIPT_OR_FIELD,Blank/NaN values retain evaluator meaning; consult generating code
data/figure_source_data/5d5cfad89ed5_loss_points.csv,icS,CSV text/parsed scalar,400 rows,Logged initial saturation loss component,1,VERIFIED_FROM_MANUSCRIPT_OR_FIELD,Blank/NaN values retain evaluator meaning; consult generating code
data/figure_source_data/5d5cfad89ed5_loss_points.csv,alloc,CSV text/parsed scalar,400 rows,GPU memory allocated at the recorded log point,GB,VERIFIED_FROM_MANUSCRIPT_OR_FIELD,Blank/NaN values retain evaluator meaning; consult generating code
data/figure_source_data/5d5cfad89ed5_loss_points.csv,reserv,CSV text/parsed scalar,400 rows,GPU memory reserved at the recorded log point,GB,VERIFIED_FROM_MANUSCRIPT_OR_FIELD,Blank/NaN values retain evaluator meaning; consult generating code
data/figure_source_data/5d5cfad89ed5_loss_points.csv,max_alloc,CSV text/parsed scalar,400 rows,Maximum GPU memory allocated up to the recorded log point,GB,VERIFIED_FROM_MANUSCRIPT_OR_FIELD,Blank/NaN values retain evaluator meaning; consult generating code
data/figure_source_data/5d5cfad89ed5_loss_points.csv,max_reserv,CSV text/parsed scalar,400 rows,Maximum GPU memory reserved up to the recorded log point,GB,VERIFIED_FROM_MANUSCRIPT_OR_FIELD,Blank/NaN values retain evaluator meaning; consult generating code
data/figure_source_data/5d5cfad89ed5_loss_points.csv,nFG,CSV text/parsed scalar,400 rows,Number of pairwise front-gradient samples in the recorded update,count,VERIFIED_FROM_MANUSCRIPT_OR_FIELD,Blank/NaN values retain evaluator meaning; consult generating code
data/figure_source_data/5d5cfad89ed5_loss_points.csv,dFG,CSV text/parsed scalar,400 rows,Recorded pairwise front-gradient diagnostic,1,VERIFIED_FROM_MANUSCRIPT_OR_FIELD,Blank/NaN values retain evaluator meaning; consult generating code
data/figure_source_data/61b4052f5350_snapshot_metadata.json,label,str,scalar or nested JSON,Display label,text,VERIFIED_FROM_MANUSCRIPT_OR_FIELD,JSON null if present
data/figure_source_data/61b4052f5350_snapshot_metadata.json,run_id,str,scalar or nested JSON,Archived run identifier,identifier,VERIFIED_FROM_MANUSCRIPT_OR_FIELD,JSON null if present
data/figure_source_data/61b4052f5350_snapshot_metadata.json,exp_name,str,scalar or nested JSON,Experiment identifier,identifier,VERIFIED_FROM_MANUSCRIPT_OR_FIELD,JSON null if present
data/figure_source_data/61b4052f5350_snapshot_metadata.json,training_strategy,str,scalar or nested JSON,Training-strategy identifier,identifier,VERIFIED_FROM_MANUSCRIPT_OR_FIELD,JSON null if present
data/figure_source_data/61b4052f5350_snapshot_metadata.json,leave_out,str,scalar or nested JSON,Leave-one-out component identifier,identifier,VERIFIED_FROM_MANUSCRIPT_OR_FIELD,JSON null if present
data/figure_source_data/61b4052f5350_snapshot_metadata.json,checkpoint,str,scalar or nested JSON,Checkpoint locator captured in the source metadata,path,VERIFIED_FROM_MANUSCRIPT_OR_FIELD,JSON null if present
data/figure_source_data/61b4052f5350_snapshot_metadata.json,times,list,scalar or nested JSON,Nested list of selected snapshot tags and physical times,JSON object,VERIFIED_FROM_MANUSCRIPT_OR_FIELD,JSON null if present
data/figure_source_data/6999e0edfd8e_LOO_paired.csv,removed,CSV text/parsed scalar,18 rows,Deleted-component identifier,identifier,VERIFIED_FROM_MANUSCRIPT_OR_FIELD,Blank/NaN values retain evaluator meaning; consult generating code
data/figure_source_data/6999e0edfd8e_LOO_paired.csv,metric,CSV text/parsed scalar,18 rows,Metric identifier,identifier,VERIFIED_FROM_MANUSCRIPT_OR_FIELD,Blank/NaN values retain evaluator meaning; consult generating code
data/figure_source_data/6999e0edfd8e_LOO_paired.csv,mean,CSV text/parsed scalar,18 rows,Arithmetic mean for the metric identified in the same record,metric-dependent,VERIFIED_FROM_MANUSCRIPT_OR_FIELD,Blank/NaN values retain evaluator meaning; consult generating code
data/figure_source_data/6999e0edfd8e_LOO_paired.csv,SD,CSV text/parsed scalar,18 rows,Sample standard deviation for the metric identified in the same record,metric-dependent,VERIFIED_FROM_MANUSCRIPT_OR_FIELD,Blank/NaN values retain evaluator meaning; consult generating code
data/figure_source_data/6999e0edfd8e_LOO_paired.csv,n_positive,CSV text/parsed scalar,18 rows,Count or iteration index identified by the originating evaluator,count,DERIVED_FROM_FIELD_NAME,Blank/NaN values retain evaluator meaning; consult generating code
data/figure_source_data/6b5c512412b3_K_by_seed.csv,role,CSV text/parsed scalar,20 rows,Model role in the cumulative construction,identifier,VERIFIED_FROM_MANUSCRIPT_OR_FIELD,Blank/NaN values retain evaluator meaning; consult generating code
data/figure_source_data/6b5c512412b3_K_by_seed.csv,seed,CSV text/parsed scalar,20 rows,Training random seed,identifier,VERIFIED_FROM_MANUSCRIPT_OR_FIELD,Blank/NaN values retain evaluator meaning; consult generating code
data/figure_source_data/6b5c512412b3_K_by_seed.csv,run_id,CSV text/parsed scalar,20 rows,Archived run identifier,identifier,VERIFIED_FROM_MANUSCRIPT_OR_FIELD,Blank/NaN values retain evaluator meaning; consult generating code
data/figure_source_data/6b5c512412b3_K_by_seed.csv,S_rel_l2,CSV text/parsed scalar,20 rows,Dimensionless or normalized diagnostic; exact normalization is defined in the originating evaluator,1,DERIVED_REQUIRES_EVALUATOR_REFERENCE,Blank/NaN values retain evaluator meaning; consult generating code
data/figure_source_data/6b5c512412b3_K_by_seed.csv,band_RMSE,CSV text/parsed scalar,20 rows,Dimensionless or normalized diagnostic; exact normalization is defined in the originating evaluator,1,DERIVED_REQUIRES_EVALUATOR_REFERENCE,Blank/NaN values retain evaluator meaning; consult generating code
data/figure_source_data/6b5c512412b3_K_by_seed.csv,band_time_mean_RMSE,CSV text/parsed scalar,20 rows,Dimensionless or normalized diagnostic; exact normalization is defined in the originating evaluator,1,DERIVED_REQUIRES_EVALUATOR_REFERENCE,Blank/NaN values retain evaluator meaning; consult generating code
data/figure_source_data/6b5c512412b3_K_by_seed.csv,pressure_RMSE_MPa,CSV text/parsed scalar,20 rows,Pressure-derived quantity identified by the originating evaluator,MPa,UNIT_VERIFIED_DEFINITION_DERIVED,Blank/NaN values retain evaluator meaning; consult generating code
data/figure_source_data/6b5c512412b3_K_by_seed.csv,local_FV_residual,CSV text/parsed scalar,20 rows,Dimensionless or normalized diagnostic; exact normalization is defined in the originating evaluator,1,DERIVED_REQUIRES_EVALUATOR_REFERENCE,Blank/NaN values retain evaluator meaning; consult generating code
data/figure_source_data/6b5c512412b3_K_by_seed.csv,inventory_error,CSV text/parsed scalar,20 rows,CO2 inventory relative error,1,VERIFIED_FROM_MANUSCRIPT_OR_FIELD,Blank/NaN values retain evaluator meaning; consult generating code
data/figure_source_data/6b5c512412b3_K_by_seed.csv,wall_hours,CSV text/parsed scalar,20 rows,Time or runtime quantity identified by the originating evaluator,h,UNIT_VERIFIED_DEFINITION_DERIVED,Blank/NaN values retain evaluator meaning; consult generating code
data/figure_source_data/6b5c512412b3_K_by_seed.csv,params,CSV text/parsed scalar,20 rows,Number of trainable model parameters,count,VERIFIED_FROM_MANUSCRIPT_OR_FIELD,Blank/NaN values retain evaluator meaning; consult generating code
data/figure_source_data/6b5c512412b3_K_by_seed.csv,peak_alloc_GB,CSV text/parsed scalar,20 rows,Peak recorded GPU memory allocation,GB,VERIFIED_FROM_MANUSCRIPT_OR_FIELD,Blank/NaN values retain evaluator meaning; consult generating code
data/figure_source_data/7097db6a3ed0_early.npz,X,float64,500x500,Cartesian x-coordinate on the 500 x 500 display grid,m,VERIFIED_FROM_MANUSCRIPT_OR_FIELD,None
data/figure_source_data/7097db6a3ed0_early.npz,Y,float64,500x500,Cartesian y-coordinate on the 500 x 500 display grid,m,VERIFIED_FROM_MANUSCRIPT_OR_FIELD,None
data/figure_source_data/7097db6a3ed0_early.npz,p_true,float64,500x500,IC-FERST reference pressure,Pa,VERIFIED_FROM_MANUSCRIPT_OR_FIELD,4004 NaN values; in 500 x 500 fields these mask excluded well interiors
data/figure_source_data/7097db6a3ed0_early.npz,p_pred,float64,500x500,PINN-predicted physical pressure,Pa,VERIFIED_FROM_MANUSCRIPT_OR_FIELD,4004 NaN values; in 500 x 500 fields these mask excluded well interiors
data/figure_source_data/7097db6a3ed0_early.npz,p_error,float64,500x500,"Signed pressure error, prediction minus reference",Pa,VERIFIED_FROM_MANUSCRIPT_OR_FIELD,4004 NaN values; in 500 x 500 fields these mask excluded well interiors
data/figure_source_data/7097db6a3ed0_early.npz,S_true,float64,500x500,IC-FERST reference CO2 saturation,1,VERIFIED_FROM_MANUSCRIPT_OR_FIELD,4004 NaN values; in 500 x 500 fields these mask excluded well interiors
data/figure_source_data/7097db6a3ed0_early.npz,S_pred,float64,500x500,PINN-predicted CO2 saturation,1,VERIFIED_FROM_MANUSCRIPT_OR_FIELD,4004 NaN values; in 500 x 500 fields these mask excluded well interiors
data/figure_source_data/7097db6a3ed0_early.npz,S_error,float64,500x500,"Signed CO2-saturation error, prediction minus reference",1,VERIFIED_FROM_MANUSCRIPT_OR_FIELD,4004 NaN values; in 500 x 500 fields these mask excluded well interiors
data/figure_source_data/7097db6a3ed0_early.npz,time_seconds,float64,scalar,Physical simulation time,s,VERIFIED_FROM_MANUSCRIPT_OR_FIELD,None
data/figure_source_data/7097db6a3ed0_early.npz,time_display,float64,scalar,Physical simulation time in the unit named by time_unit,see time_unit,VERIFIED_FROM_MANUSCRIPT_OR_FIELD,None
data/figure_source_data/7097db6a3ed0_early.npz,time_unit,<U4,scalar,Unit label for time_display,text,VERIFIED_FROM_MANUSCRIPT_OR_FIELD,None
data/figure_source_data/73c170a9b244_snapshot_metadata.json,label,str,scalar or nested JSON,Display label,text,VERIFIED_FROM_MANUSCRIPT_OR_FIELD,JSON null if present
data/figure_source_data/73c170a9b244_snapshot_metadata.json,run_id,str,scalar or nested JSON,Archived run identifier,identifier,VERIFIED_FROM_MANUSCRIPT_OR_FIELD,JSON null if present
data/figure_source_data/73c170a9b244_snapshot_metadata.json,exp_name,str,scalar or nested JSON,Experiment identifier,identifier,VERIFIED_FROM_MANUSCRIPT_OR_FIELD,JSON null if present
data/figure_source_data/73c170a9b244_snapshot_metadata.json,training_strategy,str,scalar or nested JSON,Training-strategy identifier,identifier,VERIFIED_FROM_MANUSCRIPT_OR_FIELD,JSON null if present
data/figure_source_data/73c170a9b244_snapshot_metadata.json,leave_out,str,scalar or nested JSON,Leave-one-out component identifier,identifier,VERIFIED_FROM_MANUSCRIPT_OR_FIELD,JSON null if present
data/figure_source_data/73c170a9b244_snapshot_metadata.json,checkpoint,str,scalar or nested JSON,Checkpoint locator captured in the source metadata,path,VERIFIED_FROM_MANUSCRIPT_OR_FIELD,JSON null if present
data/figure_source_data/73c170a9b244_snapshot_metadata.json,times,list,scalar or nested JSON,Nested list of selected snapshot tags and physical times,JSON object,VERIFIED_FROM_MANUSCRIPT_OR_FIELD,JSON null if present
data/figure_source_data/80eee6e3ae5d_holdout_summary.csv,partition,CSV text/parsed scalar,14 rows,Label-partition identifier,identifier,VERIFIED_FROM_MANUSCRIPT_OR_FIELD,Blank/NaN values retain evaluator meaning; consult generating code
data/figure_source_data/80eee6e3ae5d_holdout_summary.csv,model,CSV text/parsed scalar,14 rows,Model-configuration identifier,identifier,VERIFIED_FROM_MANUSCRIPT_OR_FIELD,Blank/NaN values retain evaluator meaning; consult generating code
data/figure_source_data/80eee6e3ae5d_holdout_summary.csv,heldout_mean,CSV text/parsed scalar,14 rows,Four-seed mean of held-out saturation relative L2 error,1,VERIFIED_FROM_MANUSCRIPT_OR_FIELD,Blank/NaN values retain evaluator meaning; consult generating code
data/figure_source_data/80eee6e3ae5d_holdout_summary.csv,heldout_SD,CSV text/parsed scalar,14 rows,Sample standard deviation of held-out saturation relative L2 error,1,VERIFIED_FROM_MANUSCRIPT_OR_FIELD,Blank/NaN values retain evaluator meaning; consult generating code
data/figure_source_data/80eee6e3ae5d_holdout_summary.csv,gap,CSV text/parsed scalar,14 rows,Held-out minus in-sample saturation relative L2 error,1,VERIFIED_FROM_MANUSCRIPT_OR_FIELD,Blank/NaN values retain evaluator meaning; consult generating code
data/figure_source_data/835805ce15c0_snapshot_grid.npz,X,float64,500x500,Cartesian x-coordinate on the 500 x 500 display grid,m,VERIFIED_FROM_MANUSCRIPT_OR_FIELD,None
data/figure_source_data/835805ce15c0_snapshot_grid.npz,Y,float64,500x500,Cartesian y-coordinate on the 500 x 500 display grid,m,VERIFIED_FROM_MANUSCRIPT_OR_FIELD,None
data/figure_source_data/835805ce15c0_snapshot_grid.npz,p_true,float64,500x500,IC-FERST reference pressure,Pa,VERIFIED_FROM_MANUSCRIPT_OR_FIELD,4004 NaN values; in 500 x 500 fields these mask excluded well interiors
data/figure_source_data/835805ce15c0_snapshot_grid.npz,p_pred,float64,500x500,PINN-predicted physical pressure,Pa,VERIFIED_FROM_MANUSCRIPT_OR_FIELD,4004 NaN values; in 500 x 500 fields these mask excluded well interiors
data/figure_source_data/835805ce15c0_snapshot_grid.npz,p_error,float64,500x500,"Signed pressure error, prediction minus reference",Pa,VERIFIED_FROM_MANUSCRIPT_OR_FIELD,4004 NaN values; in 500 x 500 fields these mask excluded well interiors
data/figure_source_data/835805ce15c0_snapshot_grid.npz,S_true,float64,500x500,IC-FERST reference CO2 saturation,1,VERIFIED_FROM_MANUSCRIPT_OR_FIELD,4004 NaN values; in 500 x 500 fields these mask excluded well interiors
data/figure_source_data/835805ce15c0_snapshot_grid.npz,S_pred,float64,500x500,PINN-predicted CO2 saturation,1,VERIFIED_FROM_MANUSCRIPT_OR_FIELD,4004 NaN values; in 500 x 500 fields these mask excluded well interiors
data/figure_source_data/835805ce15c0_snapshot_grid.npz,S_error,float64,500x500,"Signed CO2-saturation error, prediction minus reference",1,VERIFIED_FROM_MANUSCRIPT_OR_FIELD,4004 NaN values; in 500 x 500 fields these mask excluded well interiors
data/figure_source_data/835805ce15c0_snapshot_grid.npz,time_seconds,float64,scalar,Physical simulation time,s,VERIFIED_FROM_MANUSCRIPT_OR_FIELD,None
data/figure_source_data/835805ce15c0_snapshot_grid.npz,time_display,float64,scalar,Physical simulation time in the unit named by time_unit,see time_unit,VERIFIED_FROM_MANUSCRIPT_OR_FIELD,None
data/figure_source_data/835805ce15c0_snapshot_grid.npz,time_unit,<U4,scalar,Unit label for time_display,text,VERIFIED_FROM_MANUSCRIPT_OR_FIELD,None
data/figure_source_data/8549f324fe6d_snapshot_grid.npz,X,float64,500x500,Cartesian x-coordinate on the 500 x 500 display grid,m,VERIFIED_FROM_MANUSCRIPT_OR_FIELD,None
data/figure_source_data/8549f324fe6d_snapshot_grid.npz,Y,float64,500x500,Cartesian y-coordinate on the 500 x 500 display grid,m,VERIFIED_FROM_MANUSCRIPT_OR_FIELD,None
data/figure_source_data/8549f324fe6d_snapshot_grid.npz,p_true,float64,500x500,IC-FERST reference pressure,Pa,VERIFIED_FROM_MANUSCRIPT_OR_FIELD,4004 NaN values; in 500 x 500 fields these mask excluded well interiors
data/figure_source_data/8549f324fe6d_snapshot_grid.npz,p_pred,float64,500x500,PINN-predicted physical pressure,Pa,VERIFIED_FROM_MANUSCRIPT_OR_FIELD,4004 NaN values; in 500 x 500 fields these mask excluded well interiors
data/figure_source_data/8549f324fe6d_snapshot_grid.npz,p_error,float64,500x500,"Signed pressure error, prediction minus reference",Pa,VERIFIED_FROM_MANUSCRIPT_OR_FIELD,4004 NaN values; in 500 x 500 fields these mask excluded well interiors
data/figure_source_data/8549f324fe6d_snapshot_grid.npz,S_true,float64,500x500,IC-FERST reference CO2 saturation,1,VERIFIED_FROM_MANUSCRIPT_OR_FIELD,4004 NaN values; in 500 x 500 fields these mask excluded well interiors
data/figure_source_data/8549f324fe6d_snapshot_grid.npz,S_pred,float64,500x500,PINN-predicted CO2 saturation,1,VERIFIED_FROM_MANUSCRIPT_OR_FIELD,4004 NaN values; in 500 x 500 fields these mask excluded well interiors
data/figure_source_data/8549f324fe6d_snapshot_grid.npz,S_error,float64,500x500,"Signed CO2-saturation error, prediction minus reference",1,VERIFIED_FROM_MANUSCRIPT_OR_FIELD,4004 NaN values; in 500 x 500 fields these mask excluded well interiors
data/figure_source_data/8549f324fe6d_snapshot_grid.npz,time_seconds,float64,scalar,Physical simulation time,s,VERIFIED_FROM_MANUSCRIPT_OR_FIELD,None
data/figure_source_data/8549f324fe6d_snapshot_grid.npz,time_display,float64,scalar,Physical simulation time in the unit named by time_unit,see time_unit,VERIFIED_FROM_MANUSCRIPT_OR_FIELD,None
data/figure_source_data/8549f324fe6d_snapshot_grid.npz,time_unit,<U4,scalar,Unit label for time_display,text,VERIFIED_FROM_MANUSCRIPT_OR_FIELD,None
data/figure_source_data/87eedb8129c3_snapshot_grid.npz,X,float64,500x500,Cartesian x-coordinate on the 500 x 500 display grid,m,VERIFIED_FROM_MANUSCRIPT_OR_FIELD,None
data/figure_source_data/87eedb8129c3_snapshot_grid.npz,Y,float64,500x500,Cartesian y-coordinate on the 500 x 500 display grid,m,VERIFIED_FROM_MANUSCRIPT_OR_FIELD,None
data/figure_source_data/87eedb8129c3_snapshot_grid.npz,p_true,float64,500x500,IC-FERST reference pressure,Pa,VERIFIED_FROM_MANUSCRIPT_OR_FIELD,4004 NaN values; in 500 x 500 fields these mask excluded well interiors
data/figure_source_data/87eedb8129c3_snapshot_grid.npz,p_pred,float64,500x500,PINN-predicted physical pressure,Pa,VERIFIED_FROM_MANUSCRIPT_OR_FIELD,4004 NaN values; in 500 x 500 fields these mask excluded well interiors
data/figure_source_data/87eedb8129c3_snapshot_grid.npz,p_error,float64,500x500,"Signed pressure error, prediction minus reference",Pa,VERIFIED_FROM_MANUSCRIPT_OR_FIELD,4004 NaN values; in 500 x 500 fields these mask excluded well interiors
data/figure_source_data/87eedb8129c3_snapshot_grid.npz,S_true,float64,500x500,IC-FERST reference CO2 saturation,1,VERIFIED_FROM_MANUSCRIPT_OR_FIELD,4004 NaN values; in 500 x 500 fields these mask excluded well interiors
data/figure_source_data/87eedb8129c3_snapshot_grid.npz,S_pred,float64,500x500,PINN-predicted CO2 saturation,1,VERIFIED_FROM_MANUSCRIPT_OR_FIELD,4004 NaN values; in 500 x 500 fields these mask excluded well interiors
data/figure_source_data/87eedb8129c3_snapshot_grid.npz,S_error,float64,500x500,"Signed CO2-saturation error, prediction minus reference",1,VERIFIED_FROM_MANUSCRIPT_OR_FIELD,4004 NaN values; in 500 x 500 fields these mask excluded well interiors
data/figure_source_data/87eedb8129c3_snapshot_grid.npz,time_seconds,float64,scalar,Physical simulation time,s,VERIFIED_FROM_MANUSCRIPT_OR_FIELD,None
data/figure_source_data/87eedb8129c3_snapshot_grid.npz,time_display,float64,scalar,Physical simulation time in the unit named by time_unit,see time_unit,VERIFIED_FROM_MANUSCRIPT_OR_FIELD,None
data/figure_source_data/87eedb8129c3_snapshot_grid.npz,time_unit,<U4,scalar,Unit label for time_display,text,VERIFIED_FROM_MANUSCRIPT_OR_FIELD,None
data/figure_source_data/8d2ef6fb6d35_breakthrough_curves.csv,run_id,CSV text/parsed scalar,49232 rows,Archived run identifier,identifier,VERIFIED_FROM_MANUSCRIPT_OR_FIELD,Blank/NaN values retain evaluator meaning; consult generating code
data/figure_source_data/8d2ef6fb6d35_breakthrough_curves.csv,exp_name,CSV text/parsed scalar,49232 rows,Experiment identifier,identifier,VERIFIED_FROM_MANUSCRIPT_OR_FIELD,Blank/NaN values retain evaluator meaning; consult generating code
data/figure_source_data/8d2ef6fb6d35_breakthrough_curves.csv,training_strategy,CSV text/parsed scalar,49232 rows,Training-strategy identifier,identifier,VERIFIED_FROM_MANUSCRIPT_OR_FIELD,Blank/NaN values retain evaluator meaning; consult generating code
data/figure_source_data/8d2ef6fb6d35_breakthrough_curves.csv,leave_out,CSV text/parsed scalar,49232 rows,Leave-one-out component identifier,identifier,VERIFIED_FROM_MANUSCRIPT_OR_FIELD,Blank/NaN values retain evaluator meaning; consult generating code
data/figure_source_data/8d2ef6fb6d35_breakthrough_curves.csv,seed,CSV text/parsed scalar,49232 rows,Training random seed,identifier,VERIFIED_FROM_MANUSCRIPT_OR_FIELD,Blank/NaN values retain evaluator meaning; consult generating code
data/figure_source_data/8d2ef6fb6d35_breakthrough_curves.csv,time_s,CSV text/parsed scalar,49232 rows,Physical simulation time,s,VERIFIED_FROM_MANUSCRIPT_OR_FIELD,Blank/NaN values retain evaluator meaning; consult generating code
data/figure_source_data/8d2ef6fb6d35_breakthrough_curves.csv,s_true,CSV text/parsed scalar,49232 rows,Dimensionless or normalized diagnostic; exact normalization is defined in the originating evaluator,1,DERIVED_REQUIRES_EVALUATOR_REFERENCE,Blank/NaN values retain evaluator meaning; consult generating code
data/figure_source_data/8d2ef6fb6d35_breakthrough_curves.csv,s_pred,CSV text/parsed scalar,49232 rows,Dimensionless or normalized diagnostic; exact normalization is defined in the originating evaluator,1,DERIVED_REQUIRES_EVALUATOR_REFERENCE,Blank/NaN values retain evaluator meaning; consult generating code
data/figure_source_data/98fb8735fa87_multiray_front_profiles.csv,run_id,CSV text/parsed scalar,173664 rows,Archived run identifier,identifier,VERIFIED_FROM_MANUSCRIPT_OR_FIELD,Blank/NaN values retain evaluator meaning; consult generating code
data/figure_source_data/98fb8735fa87_multiray_front_profiles.csv,exp_name,CSV text/parsed scalar,173664 rows,Experiment identifier,identifier,VERIFIED_FROM_MANUSCRIPT_OR_FIELD,Blank/NaN values retain evaluator meaning; consult generating code
data/figure_source_data/98fb8735fa87_multiray_front_profiles.csv,training_strategy,CSV text/parsed scalar,173664 rows,Training-strategy identifier,identifier,VERIFIED_FROM_MANUSCRIPT_OR_FIELD,Blank/NaN values retain evaluator meaning; consult generating code
data/figure_source_data/98fb8735fa87_multiray_front_profiles.csv,leave_out,CSV text/parsed scalar,173664 rows,Leave-one-out component identifier,identifier,VERIFIED_FROM_MANUSCRIPT_OR_FIELD,Blank/NaN values retain evaluator meaning; consult generating code
data/figure_source_data/98fb8735fa87_multiray_front_profiles.csv,seed,CSV text/parsed scalar,173664 rows,Training random seed,identifier,VERIFIED_FROM_MANUSCRIPT_OR_FIELD,Blank/NaN values retain evaluator meaning; consult generating code
data/figure_source_data/98fb8735fa87_multiray_front_profiles.csv,time_index,CSV text/parsed scalar,173664 rows,Archived time-level index,index,VERIFIED_FROM_MANUSCRIPT_OR_FIELD,Blank/NaN values retain evaluator meaning; consult generating code
data/figure_source_data/98fb8735fa87_multiray_front_profiles.csv,time_s,CSV text/parsed scalar,173664 rows,Physical simulation time,s,VERIFIED_FROM_MANUSCRIPT_OR_FIELD,Blank/NaN values retain evaluator meaning; consult generating code
data/figure_source_data/98fb8735fa87_multiray_front_profiles.csv,ray_id,CSV text/parsed scalar,173664 rows,Ray identifier,identifier,VERIFIED_FROM_MANUSCRIPT_OR_FIELD,Blank/NaN values retain evaluator meaning; consult generating code
data/figure_source_data/98fb8735fa87_multiray_front_profiles.csv,ray_index,CSV text/parsed scalar,173664 rows,Integer ray index,index,VERIFIED_FROM_MANUSCRIPT_OR_FIELD,Blank/NaN values retain evaluator meaning; consult generating code
data/figure_source_data/98fb8735fa87_multiray_front_profiles.csv,ray_angle_deg,CSV text/parsed scalar,173664 rows,Ray angle,degree,VERIFIED_FROM_MANUSCRIPT_OR_FIELD,Blank/NaN values retain evaluator meaning; consult generating code
data/figure_source_data/98fb8735fa87_multiray_front_profiles.csv,arclength,CSV text/parsed scalar,173664 rows,Physical arc length along the sampled ray,m,VERIFIED_FROM_MANUSCRIPT_OR_FIELD,Blank/NaN values retain evaluator meaning; consult generating code
data/figure_source_data/98fb8735fa87_multiray_front_profiles.csv,x,CSV text/parsed scalar,173664 rows,Physical x-coordinate,m,VERIFIED_FROM_MANUSCRIPT_OR_FIELD,Blank/NaN values retain evaluator meaning; consult generating code
data/figure_source_data/98fb8735fa87_multiray_front_profiles.csv,y,CSV text/parsed scalar,173664 rows,Physical y-coordinate,m,VERIFIED_FROM_MANUSCRIPT_OR_FIELD,Blank/NaN values retain evaluator meaning; consult generating code
data/figure_source_data/98fb8735fa87_multiray_front_profiles.csv,s_true,CSV text/parsed scalar,173664 rows,Dimensionless or normalized diagnostic; exact normalization is defined in the originating evaluator,1,DERIVED_REQUIRES_EVALUATOR_REFERENCE,Blank/NaN values retain evaluator meaning; consult generating code
data/figure_source_data/98fb8735fa87_multiray_front_profiles.csv,s_pred,CSV text/parsed scalar,173664 rows,Dimensionless or normalized diagnostic; exact normalization is defined in the originating evaluator,1,DERIVED_REQUIRES_EVALUATOR_REFERENCE,Blank/NaN values retain evaluator meaning; consult generating code
data/figure_source_data/Figure10_M3_M4_paired.csv,ray_angle_deg,CSV text/parsed scalar,9 rows,Ray angle,degree,VERIFIED_FROM_MANUSCRIPT_OR_FIELD,Blank/NaN values retain evaluator meaning; consult generating code
data/figure_source_data/Figure10_M3_M4_paired.csv,mean,CSV text/parsed scalar,9 rows,Arithmetic mean for the metric identified in the same record,metric-dependent,VERIFIED_FROM_MANUSCRIPT_OR_FIELD,Blank/NaN values retain evaluator meaning; consult generating code
data/figure_source_data/Figure10_M3_M4_paired.csv,std,CSV text/parsed scalar,9 rows,Sample standard deviation for the paired sharpness-ratio change,1,VERIFIED_FROM_MANUSCRIPT_OR_FIELD,Blank/NaN values retain evaluator meaning; consult generating code
data/figure_source_data/Figure10_M3_M4_paired.csv,count,CSV text/parsed scalar,9 rows,Number of observations contributing to the summary,count,VERIFIED_FROM_MANUSCRIPT_OR_FIELD,Blank/NaN values retain evaluator meaning; consult generating code
data/figure_source_data/Figure10_M6_M7_paired.csv,ray_angle_deg,CSV text/parsed scalar,9 rows,Ray angle,degree,VERIFIED_FROM_MANUSCRIPT_OR_FIELD,Blank/NaN values retain evaluator meaning; consult generating code
data/figure_source_data/Figure10_M6_M7_paired.csv,mean,CSV text/parsed scalar,9 rows,Arithmetic mean for the metric identified in the same record,metric-dependent,VERIFIED_FROM_MANUSCRIPT_OR_FIELD,Blank/NaN values retain evaluator meaning; consult generating code
data/figure_source_data/Figure10_M6_M7_paired.csv,std,CSV text/parsed scalar,9 rows,Sample standard deviation for the paired sharpness-ratio change,1,VERIFIED_FROM_MANUSCRIPT_OR_FIELD,Blank/NaN values retain evaluator meaning; consult generating code
data/figure_source_data/Figure10_M6_M7_paired.csv,count,CSV text/parsed scalar,9 rows,Number of observations contributing to the summary,count,VERIFIED_FROM_MANUSCRIPT_OR_FIELD,Blank/NaN values retain evaluator meaning; consult generating code
data/figure_source_data/Figure10_source.csv,exp_name,CSV text/parsed scalar,8 rows,Experiment identifier,identifier,VERIFIED_FROM_MANUSCRIPT_OR_FIELD,Blank/NaN values retain evaluator meaning; consult generating code
data/figure_source_data/Figure10_source.csv,sharpness_ratio_mean,CSV text/parsed scalar,8 rows,Mean predicted/reference peak saturation-gradient ratio,1,VERIFIED_FROM_MANUSCRIPT_OR_FIELD,Blank/NaN values retain evaluator meaning; consult generating code
data/figure_source_data/Figure10_source.csv,sharpness_ratio_std,CSV text/parsed scalar,8 rows,Sample standard deviation of the sharpness ratio,1,VERIFIED_FROM_MANUSCRIPT_OR_FIELD,Blank/NaN values retain evaluator meaning; consult generating code
data/figure_source_data/Figure10_source_byray.csv,ray_angle_deg,CSV text/parsed scalar,9 rows,Ray angle,degree,VERIFIED_FROM_MANUSCRIPT_OR_FIELD,Blank/NaN values retain evaluator meaning; consult generating code
data/figure_source_data/Figure10_source_byray.csv,delta_sharpness_M3_to_M4,CSV text/parsed scalar,9 rows,Dimensionless or normalized diagnostic; exact normalization is defined in the originating evaluator,1,DERIVED_REQUIRES_EVALUATOR_REFERENCE,Blank/NaN values retain evaluator meaning; consult generating code
data/figure_source_data/Figure10_source_byray.csv,delta_sharpness_M6_to_M7,CSV text/parsed scalar,9 rows,Dimensionless or normalized diagnostic; exact normalization is defined in the originating evaluator,1,DERIVED_REQUIRES_EVALUATOR_REFERENCE,Blank/NaN values retain evaluator meaning; consult generating code
data/figure_source_data/Figure11a_source.csv,partition,CSV text/parsed scalar,14 rows,Label-partition identifier,identifier,VERIFIED_FROM_MANUSCRIPT_OR_FIELD,Blank/NaN values retain evaluator meaning; consult generating code
data/figure_source_data/Figure11a_source.csv,model,CSV text/parsed scalar,14 rows,Model-configuration identifier,identifier,VERIFIED_FROM_MANUSCRIPT_OR_FIELD,Blank/NaN values retain evaluator meaning; consult generating code
data/figure_source_data/Figure11a_source.csv,heldout_mean,CSV text/parsed scalar,14 rows,Four-seed mean of held-out saturation relative L2 error,1,VERIFIED_FROM_MANUSCRIPT_OR_FIELD,Blank/NaN values retain evaluator meaning; consult generating code
data/figure_source_data/Figure11a_source.csv,heldout_SD,CSV text/parsed scalar,14 rows,Sample standard deviation of held-out saturation relative L2 error,1,VERIFIED_FROM_MANUSCRIPT_OR_FIELD,Blank/NaN values retain evaluator meaning; consult generating code
data/figure_source_data/Figure11a_source.csv,gap,CSV text/parsed scalar,14 rows,Held-out minus in-sample saturation relative L2 error,1,VERIFIED_FROM_MANUSCRIPT_OR_FIELD,Blank/NaN values retain evaluator meaning; consult generating code
data/figure_source_data/Figure11a_source.csv,mode,CSV text/parsed scalar,14 rows,Partition or training mode,identifier,VERIFIED_FROM_MANUSCRIPT_OR_FIELD,Blank/NaN values retain evaluator meaning; consult generating code
data/figure_source_data/Figure11a_source.csv,kept_pct,CSV text/parsed scalar,14 rows,Nominal percentage of supervised labels retained,%,VERIFIED_FROM_MANUSCRIPT_OR_FIELD,Blank/NaN values retain evaluator meaning; consult generating code
data/figure_source_data/Figure11a_source.csv,heldout,CSV text/parsed scalar,14 rows,Held-out-label specification,identifier,VERIFIED_FROM_MANUSCRIPT_OR_FIELD,Blank/NaN values retain evaluator meaning; consult generating code
data/figure_source_data/Figure11b_source.csv,study,CSV text/parsed scalar,88 rows,Study identifier,identifier,VERIFIED_FROM_MANUSCRIPT_OR_FIELD,Blank/NaN values retain evaluator meaning; consult generating code
data/figure_source_data/Figure11b_source.csv,run_id,CSV text/parsed scalar,88 rows,Archived run identifier,identifier,VERIFIED_FROM_MANUSCRIPT_OR_FIELD,Blank/NaN values retain evaluator meaning; consult generating code
data/figure_source_data/Figure11b_source.csv,exp,CSV text/parsed scalar,88 rows,One-dimensional experiment identifier,identifier,VERIFIED_FROM_MANUSCRIPT_OR_FIELD,Blank/NaN values retain evaluator meaning; consult generating code
data/figure_source_data/Figure11b_source.csv,seed,CSV text/parsed scalar,88 rows,Training random seed,identifier,VERIFIED_FROM_MANUSCRIPT_OR_FIELD,Blank/NaN values retain evaluator meaning; consult generating code
data/figure_source_data/Figure11b_source.csv,n_labels,CSV text/parsed scalar,88 rows,Count or iteration index identified by the originating evaluator,count,DERIVED_FROM_FIELD_NAME,Blank/NaN values retain evaluator meaning; consult generating code
data/figure_source_data/Figure11b_source.csv,fourier,CSV text/parsed scalar,88 rows,Boolean configuration or validity flag,boolean,DERIVED_FROM_FIELD_NAME,Blank/NaN values retain evaluator meaning; consult generating code
data/figure_source_data/Figure11b_source.csv,use_rar,CSV text/parsed scalar,88 rows,Boolean configuration or validity flag,boolean,DERIVED_FROM_FIELD_NAME,Blank/NaN values retain evaluator meaning; consult generating code
data/figure_source_data/Figure11b_source.csv,use_fv,CSV text/parsed scalar,88 rows,Boolean configuration or validity flag,boolean,DERIVED_FROM_FIELD_NAME,Blank/NaN values retain evaluator meaning; consult generating code
data/figure_source_data/Figure11b_source.csv,rar_points,CSV text/parsed scalar,88 rows,Count or iteration index identified by the originating evaluator,count,DERIVED_FROM_FIELD_NAME,Blank/NaN values retain evaluator meaning; consult generating code
data/figure_source_data/Figure11b_source.csv,fv_cells,CSV text/parsed scalar,88 rows,Count or iteration index identified by the originating evaluator,count,DERIVED_FROM_FIELD_NAME,Blank/NaN values retain evaluator meaning; consult generating code
data/figure_source_data/Figure11b_source.csv,relL2_S,CSV text/parsed scalar,88 rows,CO2-saturation relative L2 error,1,VERIFIED_FROM_MANUSCRIPT_OR_FIELD,Blank/NaN values retain evaluator meaning; consult generating code
data/figure_source_data/Figure11b_source.csv,front_band_RMSE,CSV text/parsed scalar,88 rows,Dimensionless or normalized diagnostic; exact normalization is defined in the originating evaluator,1,DERIVED_REQUIRES_EVALUATOR_REFERENCE,Blank/NaN values retain evaluator meaning; consult generating code
data/figure_source_data/Figure11b_source.csv,E_front_shockpos,CSV text/parsed scalar,88 rows,Root-mean-square shock-position error in the nondimensional one-dimensional problem,1,VERIFIED_FROM_MANUSCRIPT_OR_FIELD,Blank/NaN values retain evaluator meaning; consult generating code
data/figure_source_data/Figure11b_source.csv,E_bt,CSV text/parsed scalar,88 rows,Absolute breakthrough-time error in the nondimensional one-dimensional problem,1,VERIFIED_FROM_MANUSCRIPT_OR_FIELD,Blank/NaN values retain evaluator meaning; consult generating code
data/figure_source_data/Figure11b_source.csv,W_front_pred,CSV text/parsed scalar,88 rows,Predicted front thickness in the nondimensional one-dimensional problem,1,VERIFIED_FROM_MANUSCRIPT_OR_FIELD,Blank/NaN values retain evaluator meaning; consult generating code
data/figure_source_data/Figure11b_source.csv,S_star,CSV text/parsed scalar,88 rows,Analytical Welge shock saturation,1,VERIFIED_FROM_MANUSCRIPT_OR_FIELD,Blank/NaN values retain evaluator meaning; consult generating code
data/figure_source_data/Figure11b_source.csv,v_shock,CSV text/parsed scalar,88 rows,Analytical nondimensional shock speed,1,VERIFIED_FROM_MANUSCRIPT_OR_FIELD,Blank/NaN values retain evaluator meaning; consult generating code
data/figure_source_data/Figure11b_source.csv,t_bt_true,CSV text/parsed scalar,88 rows,Analytical nondimensional breakthrough time,1,VERIFIED_FROM_MANUSCRIPT_OR_FIELD,Blank/NaN values retain evaluator meaning; consult generating code
data/figure_source_data/Figure1_schematic_profiles.csv,schematic_position,CSV text/parsed scalar,400 rows,Illustrative normalized position used only in the schematic,1,VERIFIED_FROM_MANUSCRIPT_OR_FIELD,Blank/NaN values retain evaluator meaning; consult generating code
data/figure_source_data/Figure1_schematic_profiles.csv,illustrative_sharp,CSV text/parsed scalar,400 rows,Illustrative sharp saturation profile; not model output,1,VERIFIED_FROM_MANUSCRIPT_OR_FIELD,Blank/NaN values retain evaluator meaning; consult generating code
data/figure_source_data/Figure1_schematic_profiles.csv,broadened_shifted,CSV text/parsed scalar,400 rows,Illustrative broadened and shifted saturation profile; not model output,1,VERIFIED_FROM_MANUSCRIPT_OR_FIELD,Blank/NaN values retain evaluator meaning; consult generating code
data/figure_source_data/Figure2_curves.csv,S,CSV text/parsed scalar,801 rows,CO2 saturation,1,VERIFIED_FROM_MANUSCRIPT_OR_FIELD,Blank/NaN values retain evaluator meaning; consult generating code
data/figure_source_data/Figure2_curves.csv,krw,CSV text/parsed scalar,801 rows,Brine relative permeability,1,VERIFIED_FROM_MANUSCRIPT_OR_FIELD,Blank/NaN values retain evaluator meaning; consult generating code
data/figure_source_data/Figure2_curves.csv,krc,CSV text/parsed scalar,801 rows,CO2 relative permeability,1,VERIFIED_FROM_MANUSCRIPT_OR_FIELD,Blank/NaN values retain evaluator meaning; consult generating code
data/figure_source_data/Figure2_curves.csv,fc,CSV text/parsed scalar,801 rows,CO2 fractional flow,1,VERIFIED_FROM_MANUSCRIPT_OR_FIELD,Blank/NaN values retain evaluator meaning; consult generating code
data/figure_source_data/Figure6_manifest.csv,row,CSV text/parsed scalar,4 rows,Figure-row identifier,identifier,VERIFIED_FROM_MANUSCRIPT_OR_FIELD,Blank/NaN values retain evaluator meaning; consult generating code
data/figure_source_data/Figure6_manifest.csv,quantity,CSV text/parsed scalar,4 rows,Displayed physical quantity,identifier,VERIFIED_FROM_MANUSCRIPT_OR_FIELD,Blank/NaN values retain evaluator meaning; consult generating code
data/figure_source_data/Figure6_manifest.csv,time_days,CSV text/parsed scalar,4 rows,Physical simulation time,d,VERIFIED_FROM_MANUSCRIPT_OR_FIELD,Blank/NaN values retain evaluator meaning; consult generating code
data/figure_source_data/Figure6_manifest.csv,above_color_limit_percent,CSV text/parsed scalar,4 rows,Percentage of valid grid points beyond the displayed error colour limit,%,VERIFIED_FROM_MANUSCRIPT_OR_FIELD,Blank/NaN values retain evaluator meaning; consult generating code
data/figure_source_data/Figure6_manifest.csv,max_absolute_error,CSV text/parsed scalar,4 rows,Maximum absolute error on the selected display grid,quantity-dependent,VERIFIED_FROM_MANUSCRIPT_OR_FIELD,Blank/NaN values retain evaluator meaning; consult generating code
data/figure_source_data/Figure7_SD.csv,role,CSV text/parsed scalar,8 rows,Model role in the cumulative construction,identifier,VERIFIED_FROM_MANUSCRIPT_OR_FIELD,Blank/NaN values retain evaluator meaning; consult generating code
data/figure_source_data/Figure7_SD.csv,S_rel_l2,CSV text/parsed scalar,8 rows,Dimensionless or normalized diagnostic; exact normalization is defined in the originating evaluator,1,DERIVED_REQUIRES_EVALUATOR_REFERENCE,Blank/NaN values retain evaluator meaning; consult generating code
data/figure_source_data/Figure7_SD.csv,S_RMSE_front_band,CSV text/parsed scalar,8 rows,Dimensionless or normalized diagnostic; exact normalization is defined in the originating evaluator,1,DERIVED_REQUIRES_EVALUATOR_REFERENCE,Blank/NaN values retain evaluator meaning; consult generating code
data/figure_source_data/Figure7_SD.csv,p_phys_RMSE_MPa,CSV text/parsed scalar,8 rows,Physical-pressure root-mean-square error,MPa,VERIFIED_FROM_MANUSCRIPT_OR_FIELD,Blank/NaN values retain evaluator meaning; consult generating code
data/figure_source_data/Figure7_SD.csv,local_FV_CO2_RMSE,CSV text/parsed scalar,8 rows,Dimensionless or normalized diagnostic; exact normalization is defined in the originating evaluator,1,DERIVED_REQUIRES_EVALUATOR_REFERENCE,Blank/NaN values retain evaluator meaning; consult generating code
data/figure_source_data/Figure7_mean.csv,role,CSV text/parsed scalar,8 rows,Model role in the cumulative construction,identifier,VERIFIED_FROM_MANUSCRIPT_OR_FIELD,Blank/NaN values retain evaluator meaning; consult generating code
data/figure_source_data/Figure7_mean.csv,S_rel_l2,CSV text/parsed scalar,8 rows,Dimensionless or normalized diagnostic; exact normalization is defined in the originating evaluator,1,DERIVED_REQUIRES_EVALUATOR_REFERENCE,Blank/NaN values retain evaluator meaning; consult generating code
data/figure_source_data/Figure7_mean.csv,S_RMSE_front_band,CSV text/parsed scalar,8 rows,Dimensionless or normalized diagnostic; exact normalization is defined in the originating evaluator,1,DERIVED_REQUIRES_EVALUATOR_REFERENCE,Blank/NaN values retain evaluator meaning; consult generating code
data/figure_source_data/Figure7_mean.csv,p_phys_RMSE_MPa,CSV text/parsed scalar,8 rows,Physical-pressure root-mean-square error,MPa,VERIFIED_FROM_MANUSCRIPT_OR_FIELD,Blank/NaN values retain evaluator meaning; consult generating code
data/figure_source_data/Figure7_mean.csv,local_FV_CO2_RMSE,CSV text/parsed scalar,8 rows,Dimensionless or normalized diagnostic; exact normalization is defined in the originating evaluator,1,DERIVED_REQUIRES_EVALUATOR_REFERENCE,Blank/NaN values retain evaluator meaning; consult generating code
data/figure_source_data/Figure8_SD_percent.csv,,CSV text/parsed scalar,6 rows,Unlabelled first CSV column containing the displayed deletion-row labels,identifier,VERIFIED_FROM_MANUSCRIPT_OR_FIELD,Blank/NaN values retain evaluator meaning; consult generating code
data/figure_source_data/Figure8_SD_percent.csv,front_band_RMSE_pooled,CSV text/parsed scalar,6 rows,Dimensionless or normalized diagnostic; exact normalization is defined in the originating evaluator,1,DERIVED_REQUIRES_EVALUATOR_REFERENCE,Blank/NaN values retain evaluator meaning; consult generating code
data/figure_source_data/Figure8_SD_percent.csv,contour_chamfer_S018,CSV text/parsed scalar,6 rows,Paired percentage change in conditional front-contour Chamfer distance at the archived saturation threshold,%,VERIFIED_FROM_MANUSCRIPT_OR_FIELD,Blank/NaN values retain evaluator meaning; consult generating code
data/figure_source_data/Figure8_SD_percent.csv,front_position_abs_err,CSV text/parsed scalar,6 rows,Paired percentage change in absolute front-position error,%,VERIFIED_FROM_MANUSCRIPT_OR_FIELD,Blank/NaN values retain evaluator meaning; consult generating code
data/figure_source_data/Figure8_SD_percent.csv,front_excess_width,CSV text/parsed scalar,6 rows,Dimensionless or normalized diagnostic; exact normalization is defined in the originating evaluator,1,DERIVED_REQUIRES_EVALUATOR_REFERENCE,Blank/NaN values retain evaluator meaning; consult generating code
data/figure_source_data/Figure8_SD_percent.csv,S_rel_l2,CSV text/parsed scalar,6 rows,Dimensionless or normalized diagnostic; exact normalization is defined in the originating evaluator,1,DERIVED_REQUIRES_EVALUATOR_REFERENCE,Blank/NaN values retain evaluator meaning; consult generating code
data/figure_source_data/Figure8_SD_percent.csv,p_RMSE_MPa,CSV text/parsed scalar,6 rows,Physical-pressure root-mean-square error,MPa,VERIFIED_FROM_MANUSCRIPT_OR_FIELD,Blank/NaN values retain evaluator meaning; consult generating code
data/figure_source_data/Figure8_SD_percent.csv,local_FV_CO2_RMSE,CSV text/parsed scalar,6 rows,Dimensionless or normalized diagnostic; exact normalization is defined in the originating evaluator,1,DERIVED_REQUIRES_EVALUATOR_REFERENCE,Blank/NaN values retain evaluator meaning; consult generating code
data/figure_source_data/Figure8_SD_percent.csv,CO2_mass_rel_error,CSV text/parsed scalar,6 rows,CO2 inventory relative error,1,VERIFIED_FROM_MANUSCRIPT_OR_FIELD,Blank/NaN values retain evaluator meaning; consult generating code
data/figure_source_data/Figure8_mean_percent.csv,,CSV text/parsed scalar,6 rows,Unlabelled first CSV column containing the displayed deletion-row labels,identifier,VERIFIED_FROM_MANUSCRIPT_OR_FIELD,Blank/NaN values retain evaluator meaning; consult generating code
data/figure_source_data/Figure8_mean_percent.csv,front_band_RMSE_pooled,CSV text/parsed scalar,6 rows,Dimensionless or normalized diagnostic; exact normalization is defined in the originating evaluator,1,DERIVED_REQUIRES_EVALUATOR_REFERENCE,Blank/NaN values retain evaluator meaning; consult generating code
data/figure_source_data/Figure8_mean_percent.csv,contour_chamfer_S018,CSV text/parsed scalar,6 rows,Paired percentage change in conditional front-contour Chamfer distance at the archived saturation threshold,%,VERIFIED_FROM_MANUSCRIPT_OR_FIELD,Blank/NaN values retain evaluator meaning; consult generating code
data/figure_source_data/Figure8_mean_percent.csv,front_position_abs_err,CSV text/parsed scalar,6 rows,Paired percentage change in absolute front-position error,%,VERIFIED_FROM_MANUSCRIPT_OR_FIELD,Blank/NaN values retain evaluator meaning; consult generating code
data/figure_source_data/Figure8_mean_percent.csv,front_excess_width,CSV text/parsed scalar,6 rows,Dimensionless or normalized diagnostic; exact normalization is defined in the originating evaluator,1,DERIVED_REQUIRES_EVALUATOR_REFERENCE,Blank/NaN values retain evaluator meaning; consult generating code
data/figure_source_data/Figure8_mean_percent.csv,S_rel_l2,CSV text/parsed scalar,6 rows,Dimensionless or normalized diagnostic; exact normalization is defined in the originating evaluator,1,DERIVED_REQUIRES_EVALUATOR_REFERENCE,Blank/NaN values retain evaluator meaning; consult generating code
data/figure_source_data/Figure8_mean_percent.csv,p_RMSE_MPa,CSV text/parsed scalar,6 rows,Physical-pressure root-mean-square error,MPa,VERIFIED_FROM_MANUSCRIPT_OR_FIELD,Blank/NaN values retain evaluator meaning; consult generating code
data/figure_source_data/Figure8_mean_percent.csv,local_FV_CO2_RMSE,CSV text/parsed scalar,6 rows,Dimensionless or normalized diagnostic; exact normalization is defined in the originating evaluator,1,DERIVED_REQUIRES_EVALUATOR_REFERENCE,Blank/NaN values retain evaluator meaning; consult generating code
data/figure_source_data/Figure8_mean_percent.csv,CO2_mass_rel_error,CSV text/parsed scalar,6 rows,CO2 inventory relative error,1,VERIFIED_FROM_MANUSCRIPT_OR_FIELD,Blank/NaN values retain evaluator meaning; consult generating code
data/figure_source_data/Figure9_breakthrough_summary.csv,run_id,CSV text/parsed scalar,8 rows,Archived run identifier,identifier,VERIFIED_FROM_MANUSCRIPT_OR_FIELD,Blank/NaN values retain evaluator meaning; consult generating code
data/figure_source_data/Figure9_breakthrough_summary.csv,exp_name,CSV text/parsed scalar,8 rows,Experiment identifier,identifier,VERIFIED_FROM_MANUSCRIPT_OR_FIELD,Blank/NaN values retain evaluator meaning; consult generating code
data/figure_source_data/Figure9_breakthrough_summary.csv,training_strategy,CSV text/parsed scalar,8 rows,Training-strategy identifier,identifier,VERIFIED_FROM_MANUSCRIPT_OR_FIELD,Blank/NaN values retain evaluator meaning; consult generating code
data/figure_source_data/Figure9_breakthrough_summary.csv,leave_out,CSV text/parsed scalar,8 rows,Leave-one-out component identifier,identifier,VERIFIED_FROM_MANUSCRIPT_OR_FIELD,Blank/NaN values retain evaluator meaning; consult generating code
data/figure_source_data/Figure9_breakthrough_summary.csv,seed,CSV text/parsed scalar,8 rows,Training random seed,identifier,VERIFIED_FROM_MANUSCRIPT_OR_FIELD,Blank/NaN values retain evaluator meaning; consult generating code
data/figure_source_data/Figure9_breakthrough_summary.csv,heldout_relL2_S,CSV text/parsed scalar,8 rows,Held-out CO2-saturation relative L2 error,1,VERIFIED_FROM_MANUSCRIPT_OR_FIELD,Blank/NaN values retain evaluator meaning; consult generating code
data/figure_source_data/Figure9_breakthrough_summary.csv,heldout_relL2_S_front,CSV text/parsed scalar,8 rows,Held-out front-region saturation relative L2 error,1,VERIFIED_FROM_MANUSCRIPT_OR_FIELD,Blank/NaN values retain evaluator meaning; consult generating code
data/figure_source_data/Figure9_breakthrough_summary.csv,heldout_relL2_p_tilde,CSV text/parsed scalar,8 rows,Held-out nondimensional-pressure relative L2 error,1,VERIFIED_FROM_MANUSCRIPT_OR_FIELD,Blank/NaN values retain evaluator meaning; consult generating code
data/figure_source_data/Figure9_breakthrough_summary.csv,insample_relL2_S,CSV text/parsed scalar,8 rows,In-sample CO2-saturation relative L2 error,1,VERIFIED_FROM_MANUSCRIPT_OR_FIELD,Blank/NaN values retain evaluator meaning; consult generating code
data/figure_source_data/Figure9_breakthrough_summary.csv,insample_to_heldout_gap_S,CSV text/parsed scalar,8 rows,Held-out minus in-sample CO2-saturation relative L2 error,1,VERIFIED_FROM_MANUSCRIPT_OR_FIELD,Blank/NaN values retain evaluator meaning; consult generating code
data/figure_source_data/Figure9_breakthrough_summary.csv,bt_abs_error,CSV text/parsed scalar,8 rows,Absolute producer-probe breakthrough-time error,s,VERIFIED_FROM_MANUSCRIPT_OR_FIELD,Blank/NaN values retain evaluator meaning; consult generating code
data/figure_source_data/Figure9_breakthrough_summary.csv,bt_rel_error,CSV text/parsed scalar,8 rows,Relative producer-probe breakthrough-time error,1,VERIFIED_FROM_MANUSCRIPT_OR_FIELD,Blank/NaN values retain evaluator meaning; consult generating code
data/figure_source_data/Figure9_breakthrough_summary.csv,checkpoint_data_holdout,CSV text/parsed scalar,8 rows,Checkpoint flag recording whether data holdout was used,boolean,VERIFIED_FROM_MANUSCRIPT_OR_FIELD,Blank/NaN values retain evaluator meaning; consult generating code
data/figure_source_data/Figure9_breakthrough_summary.csv,holdout_spec_match,CSV text/parsed scalar,8 rows,Flag that the checkpoint holdout specification matches the requested evaluation,boolean,VERIFIED_FROM_MANUSCRIPT_OR_FIELD,Blank/NaN values retain evaluator meaning; consult generating code
data/figure_source_data/Figure9_breakthrough_summary.csv,holdout_spec_note,CSV text/parsed scalar,8 rows,Text note describing holdout-specification matching,text,VERIFIED_FROM_MANUSCRIPT_OR_FIELD,Blank/NaN values retain evaluator meaning; consult generating code
data/figure_source_data/Figure9_breakthrough_summary.csv,W_front_ratio_mean,CSV text/parsed scalar,8 rows,Dimensionless or normalized diagnostic; exact normalization is defined in the originating evaluator,1,DERIVED_REQUIRES_EVALUATOR_REFERENCE,Blank/NaN values retain evaluator meaning; consult generating code
data/figure_source_data/Figure9_breakthrough_summary.csv,W_front_ratio_1090_mean,CSV text/parsed scalar,8 rows,Dimensionless or normalized diagnostic; exact normalization is defined in the originating evaluator,1,DERIVED_REQUIRES_EVALUATOR_REFERENCE,Blank/NaN values retain evaluator meaning; consult generating code
data/figure_source_data/Figure9_breakthrough_summary.csv,front_width_ratio_1090_mean,CSV text/parsed scalar,8 rows,Dimensionless or normalized diagnostic; exact normalization is defined in the originating evaluator,1,DERIVED_REQUIRES_EVALUATOR_REFERENCE,Blank/NaN values retain evaluator meaning; consult generating code
data/figure_source_data/Figure9_breakthrough_summary.csv,W_front_ratio_recommended_mean,CSV text/parsed scalar,8 rows,Dimensionless or normalized diagnostic; exact normalization is defined in the originating evaluator,1,DERIVED_REQUIRES_EVALUATOR_REFERENCE,Blank/NaN values retain evaluator meaning; consult generating code
data/figure_source_data/Figure9_breakthrough_summary.csv,W_front_abs_rel_error_1090_mean,CSV text/parsed scalar,8 rows,Mean absolute error of the predicted/reference 10-90% front-width ratio,1,VERIFIED_FROM_MANUSCRIPT_OR_FIELD,Blank/NaN values retain evaluator meaning; consult generating code
data/figure_source_data/Figure9_breakthrough_summary.csv,front_inverse_slope_width_ratio_mean,CSV text/parsed scalar,8 rows,Dimensionless or normalized diagnostic; exact normalization is defined in the originating evaluator,1,DERIVED_REQUIRES_EVALUATOR_REFERENCE,Blank/NaN values retain evaluator meaning; consult generating code
data/figure_source_data/Figure9_breakthrough_summary.csv,W_front_ratio_legacy_grad_mean,CSV text/parsed scalar,8 rows,Dimensionless or normalized diagnostic; exact normalization is defined in the originating evaluator,1,DERIVED_REQUIRES_EVALUATOR_REFERENCE,Blank/NaN values retain evaluator meaning; consult generating code
data/figure_source_data/Figure9_breakthrough_summary.csv,W_front_ratio_grad_mean,CSV text/parsed scalar,8 rows,Dimensionless or normalized diagnostic; exact normalization is defined in the originating evaluator,1,DERIVED_REQUIRES_EVALUATOR_REFERENCE,Blank/NaN values retain evaluator meaning; consult generating code
data/figure_source_data/Figure9_breakthrough_summary.csv,front_sharpness_ratio_mean,CSV text/parsed scalar,8 rows,Dimensionless or normalized diagnostic; exact normalization is defined in the originating evaluator,1,DERIVED_REQUIRES_EVALUATOR_REFERENCE,Blank/NaN values retain evaluator meaning; consult generating code
data/figure_source_data/Figure9_breakthrough_summary.csv,front_position_signed_error_mid_mean,CSV text/parsed scalar,8 rows,Mean signed mid-jump front-position error,m,VERIFIED_FROM_MANUSCRIPT_OR_FIELD,Blank/NaN values retain evaluator meaning; consult generating code
data/figure_source_data/Figure9_breakthrough_summary.csv,front_position_abs_error_mid_mean,CSV text/parsed scalar,8 rows,Mean absolute mid-jump front-position error,m,VERIFIED_FROM_MANUSCRIPT_OR_FIELD,Blank/NaN values retain evaluator meaning; consult generating code
data/figure_source_data/Figure9_breakthrough_summary.csv,front_position_rel_error_mid_mean,CSV text/parsed scalar,8 rows,Mean mid-jump front-position error normalized by ray span,1,VERIFIED_FROM_MANUSCRIPT_OR_FIELD,Blank/NaN values retain evaluator meaning; consult generating code
data/figure_source_data/Figure9_breakthrough_summary.csv,front_position_abs_error_maxgrad_mean,CSV text/parsed scalar,8 rows,Mean absolute maximum-gradient front-position error,m,VERIFIED_FROM_MANUSCRIPT_OR_FIELD,Blank/NaN values retain evaluator meaning; consult generating code
data/figure_source_data/Figure9a_source.csv,panel,CSV text/parsed scalar,1809 rows,Figure-panel identifier,identifier,VERIFIED_FROM_MANUSCRIPT_OR_FIELD,Blank/NaN values retain evaluator meaning; consult generating code
data/figure_source_data/Figure9a_source.csv,time_s,CSV text/parsed scalar,1809 rows,Physical simulation time,s,VERIFIED_FROM_MANUSCRIPT_OR_FIELD,Blank/NaN values retain evaluator meaning; consult generating code
data/figure_source_data/Figure9a_source.csv,model,CSV text/parsed scalar,1809 rows,Model-configuration identifier,identifier,VERIFIED_FROM_MANUSCRIPT_OR_FIELD,Blank/NaN values retain evaluator meaning; consult generating code
data/figure_source_data/Figure9a_source.csv,arclength_m,CSV text/parsed scalar,1809 rows,Physical arc length along the sampled ray,m,VERIFIED_FROM_MANUSCRIPT_OR_FIELD,Blank/NaN values retain evaluator meaning; consult generating code
data/figure_source_data/Figure9a_source.csv,S_pred,CSV text/parsed scalar,1809 rows,PINN-predicted CO2 saturation,1,VERIFIED_FROM_MANUSCRIPT_OR_FIELD,Blank/NaN values retain evaluator meaning; consult generating code
data/figure_source_data/Figure9a_source.csv,S_ref,CSV text/parsed scalar,1809 rows,Dimensionless or normalized diagnostic; exact normalization is defined in the originating evaluator,1,DERIVED_REQUIRES_EVALUATOR_REFERENCE,Blank/NaN values retain evaluator meaning; consult generating code
data/figure_source_data/Figure9b_source.csv,run_id,CSV text/parsed scalar,5792 rows,Archived run identifier,identifier,VERIFIED_FROM_MANUSCRIPT_OR_FIELD,Blank/NaN values retain evaluator meaning; consult generating code
data/figure_source_data/Figure9b_source.csv,exp_name,CSV text/parsed scalar,5792 rows,Experiment identifier,identifier,VERIFIED_FROM_MANUSCRIPT_OR_FIELD,Blank/NaN values retain evaluator meaning; consult generating code
data/figure_source_data/Figure9b_source.csv,training_strategy,CSV text/parsed scalar,5792 rows,Training-strategy identifier,identifier,VERIFIED_FROM_MANUSCRIPT_OR_FIELD,Blank/NaN values retain evaluator meaning; consult generating code
data/figure_source_data/Figure9b_source.csv,leave_out,CSV text/parsed scalar,5792 rows,Leave-one-out component identifier,identifier,VERIFIED_FROM_MANUSCRIPT_OR_FIELD,Blank/NaN values retain evaluator meaning; consult generating code
data/figure_source_data/Figure9b_source.csv,seed,CSV text/parsed scalar,5792 rows,Training random seed,identifier,VERIFIED_FROM_MANUSCRIPT_OR_FIELD,Blank/NaN values retain evaluator meaning; consult generating code
data/figure_source_data/Figure9b_source.csv,time_s,CSV text/parsed scalar,5792 rows,Physical simulation time,s,VERIFIED_FROM_MANUSCRIPT_OR_FIELD,Blank/NaN values retain evaluator meaning; consult generating code
data/figure_source_data/Figure9b_source.csv,s_true,CSV text/parsed scalar,5792 rows,Dimensionless or normalized diagnostic; exact normalization is defined in the originating evaluator,1,DERIVED_REQUIRES_EVALUATOR_REFERENCE,Blank/NaN values retain evaluator meaning; consult generating code
data/figure_source_data/Figure9b_source.csv,s_pred,CSV text/parsed scalar,5792 rows,Dimensionless or normalized diagnostic; exact normalization is defined in the originating evaluator,1,DERIVED_REQUIRES_EVALUATOR_REFERENCE,Blank/NaN values retain evaluator meaning; consult generating code
data/figure_source_data/FigureB1_source.csv,run_id,CSV text/parsed scalar,100 rows,Archived run identifier,identifier,VERIFIED_FROM_MANUSCRIPT_OR_FIELD,Blank/NaN values retain evaluator meaning; consult generating code
data/figure_source_data/FigureB1_source.csv,short_label,CSV text/parsed scalar,100 rows,Short display label for a run,text,VERIFIED_FROM_MANUSCRIPT_OR_FIELD,Blank/NaN values retain evaluator meaning; consult generating code
data/figure_source_data/FigureB1_source.csv,exp_name,CSV text/parsed scalar,100 rows,Experiment identifier,identifier,VERIFIED_FROM_MANUSCRIPT_OR_FIELD,Blank/NaN values retain evaluator meaning; consult generating code
data/figure_source_data/FigureB1_source.csv,training_strategy,CSV text/parsed scalar,100 rows,Training-strategy identifier,identifier,VERIFIED_FROM_MANUSCRIPT_OR_FIELD,Blank/NaN values retain evaluator meaning; consult generating code
data/figure_source_data/FigureB1_source.csv,leave_out,CSV text/parsed scalar,100 rows,Leave-one-out component identifier,identifier,VERIFIED_FROM_MANUSCRIPT_OR_FIELD,Blank/NaN values retain evaluator meaning; consult generating code
data/figure_source_data/FigureB1_source.csv,seed,CSV text/parsed scalar,100 rows,Training random seed,identifier,VERIFIED_FROM_MANUSCRIPT_OR_FIELD,Blank/NaN values retain evaluator meaning; consult generating code
data/figure_source_data/FigureB1_source.csv,kind,CSV text/parsed scalar,100 rows,Optimizer/log-record kind,identifier,VERIFIED_FROM_MANUSCRIPT_OR_FIELD,Blank/NaN values retain evaluator meaning; consult generating code
data/figure_source_data/FigureB1_source.csv,x,CSV text/parsed scalar,100 rows,Recorded optimizer iteration coordinate,iteration,VERIFIED_FROM_SOURCE_CONTEXT,Blank/NaN values retain evaluator meaning; consult generating code
data/figure_source_data/FigureB1_source.csv,mode,CSV text/parsed scalar,100 rows,Partition or training mode,identifier,VERIFIED_FROM_MANUSCRIPT_OR_FIELD,Blank/NaN values retain evaluator meaning; consult generating code
data/figure_source_data/FigureB1_source.csv,loss,CSV text/parsed scalar,100 rows,Dimensionless or normalized diagnostic; exact normalization is defined in the originating evaluator,1,DERIVED_REQUIRES_EVALUATOR_REFERENCE,Blank/NaN values retain evaluator meaning; consult generating code
data/figure_source_data/FigureB1_source.csv,wPDE,CSV text/parsed scalar,100 rows,Scheduled outer PDE-loss weight,1,VERIFIED_FROM_MANUSCRIPT_OR_FIELD,Blank/NaN values retain evaluator meaning; consult generating code
data/figure_source_data/FigureB1_source.csv,wFV,CSV text/parsed scalar,100 rows,Scheduled outer local-FV-loss weight,1,VERIFIED_FROM_MANUSCRIPT_OR_FIELD,Blank/NaN values retain evaluator meaning; consult generating code
data/figure_source_data/FigureB1_source.csv,wFG,CSV text/parsed scalar,100 rows,Scheduled internal pairwise-front-gradient multiplier,1,VERIFIED_FROM_MANUSCRIPT_OR_FIELD,Blank/NaN values retain evaluator meaning; consult generating code
data/figure_source_data/FigureB1_source.csv,beta,CSV text/parsed scalar,100 rows,Recorded saturation-head or curriculum beta parameter; blank when not logged,1,VERIFIED_FROM_MANUSCRIPT_OR_FIELD,Blank/NaN values retain evaluator meaning; consult generating code
data/figure_source_data/FigureB1_source.csv,eps,CSV text/parsed scalar,100 rows,Recorded artificial-diffusion curriculum coefficient; zero in BASE,1,VERIFIED_FROM_MANUSCRIPT_OR_FIELD,Blank/NaN values retain evaluator meaning; consult generating code
data/figure_source_data/FigureB1_source.csv,pde,CSV text/parsed scalar,100 rows,Logged pointwise PDE loss component before its outer objective weight,1,VERIFIED_FROM_MANUSCRIPT_OR_FIELD,Blank/NaN values retain evaluator meaning; consult generating code
data/figure_source_data/FigureB1_source.csv,fv,CSV text/parsed scalar,100 rows,Logged local finite-volume loss component before its outer objective weight,1,VERIFIED_FROM_MANUSCRIPT_OR_FIELD,Blank/NaN values retain evaluator meaning; consult generating code
data/figure_source_data/FigureB1_source.csv,fvC,CSV text/parsed scalar,100 rows,Logged CO2 local finite-volume loss component,1,VERIFIED_FROM_MANUSCRIPT_OR_FIELD,Blank/NaN values retain evaluator meaning; consult generating code
data/figure_source_data/FigureB1_source.csv,fvW,CSV text/parsed scalar,100 rows,Logged brine local finite-volume loss component,1,VERIFIED_FROM_MANUSCRIPT_OR_FIELD,Blank/NaN values retain evaluator meaning; consult generating code
data/figure_source_data/FigureB1_source.csv,dataP,CSV text/parsed scalar,100 rows,Logged pressure-data loss component,1,VERIFIED_FROM_MANUSCRIPT_OR_FIELD,Blank/NaN values retain evaluator meaning; consult generating code
data/figure_source_data/FigureB1_source.csv,dataS,CSV text/parsed scalar,100 rows,Logged saturation-data loss component,1,VERIFIED_FROM_MANUSCRIPT_OR_FIELD,Blank/NaN values retain evaluator meaning; consult generating code
data/figure_source_data/FigureB1_source.csv,Sg,CSV text/parsed scalar,100 rows,Logged saturation global-data subcomponent,1,VERIFIED_FROM_MANUSCRIPT_OR_FIELD,Blank/NaN values retain evaluator meaning; consult generating code
data/figure_source_data/FigureB1_source.csv,Sf,CSV text/parsed scalar,100 rows,Logged saturation front-band subcomponent,1,VERIFIED_FROM_MANUSCRIPT_OR_FIELD,Blank/NaN values retain evaluator meaning; consult generating code
data/figure_source_data/FigureB1_source.csv,Sp,CSV text/parsed scalar,100 rows,Logged saturation plume-support subcomponent,1,VERIFIED_FROM_MANUSCRIPT_OR_FIELD,Blank/NaN values retain evaluator meaning; consult generating code
data/figure_source_data/FigureB1_source.csv,Sfg,CSV text/parsed scalar,100 rows,Logged pairwise front-gradient supervision component,1,VERIFIED_FROM_MANUSCRIPT_OR_FIELD,Blank/NaN values retain evaluator meaning; consult generating code
data/figure_source_data/FigureB1_source.csv,injF,CSV text/parsed scalar,100 rows,Logged injector flux boundary-loss component,1,VERIFIED_FROM_MANUSCRIPT_OR_FIELD,Blank/NaN values retain evaluator meaning; consult generating code
data/figure_source_data/FigureB1_source.csv,injS,CSV text/parsed scalar,100 rows,Logged injector saturation boundary-loss component,1,VERIFIED_FROM_MANUSCRIPT_OR_FIELD,Blank/NaN values retain evaluator meaning; consult generating code
data/figure_source_data/FigureB1_source.csv,outP,CSV text/parsed scalar,100 rows,Logged outlet pressure boundary-loss component,1,VERIFIED_FROM_MANUSCRIPT_OR_FIELD,Blank/NaN values retain evaluator meaning; consult generating code
data/figure_source_data/FigureB1_source.csv,outBF,CSV text/parsed scalar,100 rows,Logged outlet backflow penalty component,1,VERIFIED_FROM_MANUSCRIPT_OR_FIELD,Blank/NaN values retain evaluator meaning; consult generating code
data/figure_source_data/FigureB1_source.csv,noflow,CSV text/parsed scalar,100 rows,Logged no-flow boundary-loss component,1,VERIFIED_FROM_MANUSCRIPT_OR_FIELD,Blank/NaN values retain evaluator meaning; consult generating code
data/figure_source_data/FigureB1_source.csv,icP,CSV text/parsed scalar,100 rows,Logged initial pressure loss component,1,VERIFIED_FROM_MANUSCRIPT_OR_FIELD,Blank/NaN values retain evaluator meaning; consult generating code
data/figure_source_data/FigureB1_source.csv,icS,CSV text/parsed scalar,100 rows,Logged initial saturation loss component,1,VERIFIED_FROM_MANUSCRIPT_OR_FIELD,Blank/NaN values retain evaluator meaning; consult generating code
data/figure_source_data/FigureB1_source.csv,alloc,CSV text/parsed scalar,100 rows,GPU memory allocated at the recorded log point,GB,VERIFIED_FROM_MANUSCRIPT_OR_FIELD,Blank/NaN values retain evaluator meaning; consult generating code
data/figure_source_data/FigureB1_source.csv,reserv,CSV text/parsed scalar,100 rows,GPU memory reserved at the recorded log point,GB,VERIFIED_FROM_MANUSCRIPT_OR_FIELD,Blank/NaN values retain evaluator meaning; consult generating code
data/figure_source_data/FigureB1_source.csv,max_alloc,CSV text/parsed scalar,100 rows,Maximum GPU memory allocated up to the recorded log point,GB,VERIFIED_FROM_MANUSCRIPT_OR_FIELD,Blank/NaN values retain evaluator meaning; consult generating code
data/figure_source_data/FigureB1_source.csv,max_reserv,CSV text/parsed scalar,100 rows,Maximum GPU memory reserved up to the recorded log point,GB,VERIFIED_FROM_MANUSCRIPT_OR_FIELD,Blank/NaN values retain evaluator meaning; consult generating code
data/figure_source_data/FigureB1_source.csv,nFG,CSV text/parsed scalar,100 rows,Number of pairwise front-gradient samples in the recorded update,count,VERIFIED_FROM_MANUSCRIPT_OR_FIELD,Blank/NaN values retain evaluator meaning; consult generating code
data/figure_source_data/FigureB1_source.csv,dFG,CSV text/parsed scalar,100 rows,Recorded pairwise front-gradient diagnostic,1,VERIFIED_FROM_MANUSCRIPT_OR_FIELD,Blank/NaN values retain evaluator meaning; consult generating code
data/figure_source_data/FigureB2_source.csv,M,CSV text/parsed scalar,5792 rows,Model-configuration identifier,identifier,VERIFIED_FROM_MANUSCRIPT_OR_FIELD,Blank/NaN values retain evaluator meaning; consult generating code
data/figure_source_data/FigureB2_source.csv,t_d,CSV text/parsed scalar,5792 rows,Physical simulation time,d,VERIFIED_FROM_MANUSCRIPT_OR_FIELD,Blank/NaN values retain evaluator meaning; consult generating code
data/figure_source_data/FigureB2_source.csv,S_rmse,CSV text/parsed scalar,5792 rows,Dimensionless or normalized diagnostic; exact normalization is defined in the originating evaluator,1,DERIVED_REQUIRES_EVALUATOR_REFERENCE,Blank/NaN values retain evaluator meaning; consult generating code
data/figure_source_data/FigureB2_source.csv,S_RMSE_front_band,CSV text/parsed scalar,5792 rows,Dimensionless or normalized diagnostic; exact normalization is defined in the originating evaluator,1,DERIVED_REQUIRES_EVALUATOR_REFERENCE,Blank/NaN values retain evaluator meaning; consult generating code
data/figure_source_data/FigureB2_source.csv,p_phys_RMSE_MPa,CSV text/parsed scalar,5792 rows,Physical-pressure root-mean-square error,MPa,VERIFIED_FROM_MANUSCRIPT_OR_FIELD,Blank/NaN values retain evaluator meaning; consult generating code
data/figure_source_data/FigureB4_manifest.csv,row,CSV text/parsed scalar,4 rows,Figure-row identifier,identifier,VERIFIED_FROM_MANUSCRIPT_OR_FIELD,Blank/NaN values retain evaluator meaning; consult generating code
data/figure_source_data/FigureB4_manifest.csv,quantity,CSV text/parsed scalar,4 rows,Displayed physical quantity,identifier,VERIFIED_FROM_MANUSCRIPT_OR_FIELD,Blank/NaN values retain evaluator meaning; consult generating code
data/figure_source_data/FigureB4_manifest.csv,time_days,CSV text/parsed scalar,4 rows,Physical simulation time,d,VERIFIED_FROM_MANUSCRIPT_OR_FIELD,Blank/NaN values retain evaluator meaning; consult generating code
data/figure_source_data/FigureB4_manifest.csv,above_color_limit_percent,CSV text/parsed scalar,4 rows,Percentage of valid grid points beyond the displayed error colour limit,%,VERIFIED_FROM_MANUSCRIPT_OR_FIELD,Blank/NaN values retain evaluator meaning; consult generating code
data/figure_source_data/FigureB4_manifest.csv,max_absolute_error,CSV text/parsed scalar,4 rows,Maximum absolute error on the selected display grid,quantity-dependent,VERIFIED_FROM_MANUSCRIPT_OR_FIELD,Blank/NaN values retain evaluator meaning; consult generating code
data/figure_source_data/HK_component_paired.csv,case,CSV text/parsed scalar,64 rows,Physical-case identifier (H or K),identifier,VERIFIED_FROM_MANUSCRIPT_OR_FIELD,Blank/NaN values retain evaluator meaning; consult generating code
data/figure_source_data/HK_component_paired.csv,metric,CSV text/parsed scalar,64 rows,Metric identifier,identifier,VERIFIED_FROM_MANUSCRIPT_OR_FIELD,Blank/NaN values retain evaluator meaning; consult generating code
data/figure_source_data/HK_component_paired.csv,deletion,CSV text/parsed scalar,64 rows,Deleted-component identifier,identifier,VERIFIED_FROM_MANUSCRIPT_OR_FIELD,Blank/NaN values retain evaluator meaning; consult generating code
data/figure_source_data/HK_component_paired.csv,group,CSV text/parsed scalar,64 rows,Component-family identifier,identifier,VERIFIED_FROM_MANUSCRIPT_OR_FIELD,Blank/NaN values retain evaluator meaning; consult generating code
data/figure_source_data/HK_component_paired.csv,seed,CSV text/parsed scalar,64 rows,Training random seed,identifier,VERIFIED_FROM_MANUSCRIPT_OR_FIELD,Blank/NaN values retain evaluator meaning; consult generating code
data/figure_source_data/HK_component_paired.csv,complete,CSV text/parsed scalar,64 rows,Metric value for the complete model,metric-dependent,VERIFIED_FROM_MANUSCRIPT_OR_FIELD,Blank/NaN values retain evaluator meaning; consult generating code
data/figure_source_data/HK_component_paired.csv,deleted,CSV text/parsed scalar,64 rows,Metric value after the named deletion,metric-dependent,VERIFIED_FROM_MANUSCRIPT_OR_FIELD,Blank/NaN values retain evaluator meaning; consult generating code
data/figure_source_data/HK_component_paired.csv,percent,CSV text/parsed scalar,64 rows,Seed-paired percentage change relative to the complete model,%,VERIFIED_FROM_MANUSCRIPT_OR_FIELD,Blank/NaN values retain evaluator meaning; consult generating code
data/figure_source_data/HK_component_summary.csv,case,CSV text/parsed scalar,16 rows,Physical-case identifier (H or K),identifier,VERIFIED_FROM_MANUSCRIPT_OR_FIELD,Blank/NaN values retain evaluator meaning; consult generating code
data/figure_source_data/HK_component_summary.csv,metric,CSV text/parsed scalar,16 rows,Metric identifier,identifier,VERIFIED_FROM_MANUSCRIPT_OR_FIELD,Blank/NaN values retain evaluator meaning; consult generating code
data/figure_source_data/HK_component_summary.csv,deletion,CSV text/parsed scalar,16 rows,Deleted-component identifier,identifier,VERIFIED_FROM_MANUSCRIPT_OR_FIELD,Blank/NaN values retain evaluator meaning; consult generating code
data/figure_source_data/HK_component_summary.csv,n,CSV text/parsed scalar,16 rows,Number of observations contributing to the summary,count,VERIFIED_FROM_MANUSCRIPT_OR_FIELD,Blank/NaN values retain evaluator meaning; consult generating code
data/figure_source_data/HK_component_summary.csv,mean,CSV text/parsed scalar,16 rows,Arithmetic mean for the metric identified in the same record,metric-dependent,VERIFIED_FROM_MANUSCRIPT_OR_FIELD,Blank/NaN values retain evaluator meaning; consult generating code
data/figure_source_data/HK_component_summary.csv,SD,CSV text/parsed scalar,16 rows,Sample standard deviation for the metric identified in the same record,metric-dependent,VERIFIED_FROM_MANUSCRIPT_OR_FIELD,Blank/NaN values retain evaluator meaning; consult generating code
data/figure_source_data/HK_component_summary.csv,n_increased,CSV text/parsed scalar,16 rows,Number of seeds with a positive paired change,count,VERIFIED_FROM_MANUSCRIPT_OR_FIELD,Blank/NaN values retain evaluator meaning; consult generating code
data/figure_source_data/H_FV_tradeoff_source.csv,seed,CSV text/parsed scalar,8 rows,Training random seed,identifier,VERIFIED_FROM_MANUSCRIPT_OR_FIELD,Blank/NaN values retain evaluator meaning; consult generating code
data/figure_source_data/H_FV_tradeoff_source.csv,metric,CSV text/parsed scalar,8 rows,Metric identifier,identifier,VERIFIED_FROM_MANUSCRIPT_OR_FIELD,Blank/NaN values retain evaluator meaning; consult generating code
data/figure_source_data/H_FV_tradeoff_source.csv,no_FV_local,CSV text/parsed scalar,8 rows,Sampled local FV CO2 residual without local-FV regularization,1,VERIFIED_FROM_MANUSCRIPT_OR_FIELD,Blank/NaN values retain evaluator meaning; consult generating code
data/figure_source_data/H_FV_tradeoff_source.csv,complete_local,CSV text/parsed scalar,8 rows,Sampled local FV CO2 residual for the complete model,1,VERIFIED_FROM_MANUSCRIPT_OR_FIELD,Blank/NaN values retain evaluator meaning; consult generating code
data/figure_source_data/H_FV_tradeoff_source.csv,no_FV_error,CSV text/parsed scalar,8 rows,Selected reconstruction or inventory error without local FV,metric-dependent,VERIFIED_FROM_MANUSCRIPT_OR_FIELD,Blank/NaN values retain evaluator meaning; consult generating code
data/figure_source_data/H_FV_tradeoff_source.csv,complete_error,CSV text/parsed scalar,8 rows,Selected reconstruction or inventory error for the complete model,metric-dependent,VERIFIED_FROM_MANUSCRIPT_OR_FIELD,Blank/NaN values retain evaluator meaning; consult generating code
data/figure_source_data/K_field_ranges.csv,figure,CSV text/parsed scalar,6 rows,Figure identifier,identifier,VERIFIED_FROM_MANUSCRIPT_OR_FIELD,Blank/NaN values retain evaluator meaning; consult generating code
data/figure_source_data/K_field_ranges.csv,quantity,CSV text/parsed scalar,6 rows,Displayed physical quantity,identifier,VERIFIED_FROM_MANUSCRIPT_OR_FIELD,Blank/NaN values retain evaluator meaning; consult generating code
data/figure_source_data/K_field_ranges.csv,tag,CSV text/parsed scalar,6 rows,Snapshot-position tag,identifier,VERIFIED_FROM_MANUSCRIPT_OR_FIELD,Blank/NaN values retain evaluator meaning; consult generating code
data/figure_source_data/K_field_ranges.csv,time_seconds,CSV text/parsed scalar,6 rows,Physical simulation time,s,VERIFIED_FROM_MANUSCRIPT_OR_FIELD,Blank/NaN values retain evaluator meaning; consult generating code
data/figure_source_data/K_field_ranges.csv,reference_min,CSV text/parsed scalar,6 rows,Minimum finite reference value on the selected grid,quantity-dependent,VERIFIED_FROM_MANUSCRIPT_OR_FIELD,Blank/NaN values retain evaluator meaning; consult generating code
data/figure_source_data/K_field_ranges.csv,reference_max,CSV text/parsed scalar,6 rows,Maximum finite reference value on the selected grid,quantity-dependent,VERIFIED_FROM_MANUSCRIPT_OR_FIELD,Blank/NaN values retain evaluator meaning; consult generating code
data/figure_source_data/K_field_ranges.csv,prediction_min,CSV text/parsed scalar,6 rows,Minimum finite prediction on the selected grid,quantity-dependent,VERIFIED_FROM_MANUSCRIPT_OR_FIELD,Blank/NaN values retain evaluator meaning; consult generating code
data/figure_source_data/K_field_ranges.csv,prediction_max,CSV text/parsed scalar,6 rows,Maximum finite prediction on the selected grid,quantity-dependent,VERIFIED_FROM_MANUSCRIPT_OR_FIELD,Blank/NaN values retain evaluator meaning; consult generating code
data/figure_source_data/K_field_ranges.csv,max_abs_error,CSV text/parsed scalar,6 rows,Maximum absolute error on the selected grid,quantity-dependent,VERIFIED_FROM_MANUSCRIPT_OR_FIELD,Blank/NaN values retain evaluator meaning; consult generating code
data/figure_source_data/K_field_ranges.csv,error_limit,CSV text/parsed scalar,6 rows,Absolute plotting limit for the signed-error colour scale,quantity-dependent,VERIFIED_FROM_MANUSCRIPT_OR_FIELD,Blank/NaN values retain evaluator meaning; consult generating code
data/figure_source_data/K_field_ranges.csv,clipped_points,CSV text/parsed scalar,6 rows,Number of valid display-grid points beyond the error colour limit,count,VERIFIED_FROM_MANUSCRIPT_OR_FIELD,Blank/NaN values retain evaluator meaning; consult generating code
data/figure_source_data/ae735d2ae08f_snapshot_metadata.json,label,str,scalar or nested JSON,Display label,text,VERIFIED_FROM_MANUSCRIPT_OR_FIELD,JSON null if present
data/figure_source_data/ae735d2ae08f_snapshot_metadata.json,run_id,str,scalar or nested JSON,Archived run identifier,identifier,VERIFIED_FROM_MANUSCRIPT_OR_FIELD,JSON null if present
data/figure_source_data/ae735d2ae08f_snapshot_metadata.json,exp_name,str,scalar or nested JSON,Experiment identifier,identifier,VERIFIED_FROM_MANUSCRIPT_OR_FIELD,JSON null if present
data/figure_source_data/ae735d2ae08f_snapshot_metadata.json,training_strategy,str,scalar or nested JSON,Training-strategy identifier,identifier,VERIFIED_FROM_MANUSCRIPT_OR_FIELD,JSON null if present
data/figure_source_data/ae735d2ae08f_snapshot_metadata.json,leave_out,str,scalar or nested JSON,Leave-one-out component identifier,identifier,VERIFIED_FROM_MANUSCRIPT_OR_FIELD,JSON null if present
data/figure_source_data/ae735d2ae08f_snapshot_metadata.json,checkpoint,str,scalar or nested JSON,Checkpoint locator captured in the source metadata,path,VERIFIED_FROM_MANUSCRIPT_OR_FIELD,JSON null if present
data/figure_source_data/ae735d2ae08f_snapshot_metadata.json,times,list,scalar or nested JSON,Nested list of selected snapshot tags and physical times,JSON object,VERIFIED_FROM_MANUSCRIPT_OR_FIELD,JSON null if present
data/figure_source_data/b38477efbbfb_paired_effects.csv,case,CSV text/parsed scalar,9 rows,Physical-case identifier (H or K),identifier,VERIFIED_FROM_MANUSCRIPT_OR_FIELD,Blank/NaN values retain evaluator meaning; consult generating code
data/figure_source_data/b38477efbbfb_paired_effects.csv,deletion,CSV text/parsed scalar,9 rows,Deleted-component identifier,identifier,VERIFIED_FROM_MANUSCRIPT_OR_FIELD,Blank/NaN values retain evaluator meaning; consult generating code
data/figure_source_data/b38477efbbfb_paired_effects.csv,mean_percent,CSV text/parsed scalar,9 rows,Percentage quantity identified by the originating evaluator,%,UNIT_VERIFIED_DEFINITION_DERIVED,Blank/NaN values retain evaluator meaning; consult generating code
data/figure_source_data/b38477efbbfb_paired_effects.csv,SD_percent,CSV text/parsed scalar,9 rows,Percentage quantity identified by the originating evaluator,%,UNIT_VERIFIED_DEFINITION_DERIVED,Blank/NaN values retain evaluator meaning; consult generating code
data/figure_source_data/b38477efbbfb_paired_effects.csv,n_increased,CSV text/parsed scalar,9 rows,Number of seeds with a positive paired change,count,VERIFIED_FROM_MANUSCRIPT_OR_FIELD,Blank/NaN values retain evaluator meaning; consult generating code
data/figure_source_data/b38477efbbfb_paired_effects.csv,n_seeds,CSV text/parsed scalar,9 rows,Count or iteration index identified by the originating evaluator,count,DERIVED_FROM_FIELD_NAME,Blank/NaN values retain evaluator meaning; consult generating code
data/figure_source_data/b38477efbbfb_paired_effects.csv,seed_0_percent,CSV text/parsed scalar,9 rows,Percentage quantity identified by the originating evaluator,%,UNIT_VERIFIED_DEFINITION_DERIVED,Blank/NaN values retain evaluator meaning; consult generating code
data/figure_source_data/b38477efbbfb_paired_effects.csv,seed_1_percent,CSV text/parsed scalar,9 rows,Percentage quantity identified by the originating evaluator,%,UNIT_VERIFIED_DEFINITION_DERIVED,Blank/NaN values retain evaluator meaning; consult generating code
data/figure_source_data/b38477efbbfb_paired_effects.csv,seed_2_percent,CSV text/parsed scalar,9 rows,Percentage quantity identified by the originating evaluator,%,UNIT_VERIFIED_DEFINITION_DERIVED,Blank/NaN values retain evaluator meaning; consult generating code
data/figure_source_data/b38477efbbfb_paired_effects.csv,seed_42_percent,CSV text/parsed scalar,9 rows,Percentage quantity identified by the originating evaluator,%,UNIT_VERIFIED_DEFINITION_DERIVED,Blank/NaN values retain evaluator meaning; consult generating code
data/figure_source_data/b3dd27256ddb_snapshot_metadata.json,label,str,scalar or nested JSON,Display label,text,VERIFIED_FROM_MANUSCRIPT_OR_FIELD,JSON null if present
data/figure_source_data/b3dd27256ddb_snapshot_metadata.json,run_id,str,scalar or nested JSON,Archived run identifier,identifier,VERIFIED_FROM_MANUSCRIPT_OR_FIELD,JSON null if present
data/figure_source_data/b3dd27256ddb_snapshot_metadata.json,exp_name,str,scalar or nested JSON,Experiment identifier,identifier,VERIFIED_FROM_MANUSCRIPT_OR_FIELD,JSON null if present
data/figure_source_data/b3dd27256ddb_snapshot_metadata.json,training_strategy,str,scalar or nested JSON,Training-strategy identifier,identifier,VERIFIED_FROM_MANUSCRIPT_OR_FIELD,JSON null if present
data/figure_source_data/b3dd27256ddb_snapshot_metadata.json,leave_out,str,scalar or nested JSON,Leave-one-out component identifier,identifier,VERIFIED_FROM_MANUSCRIPT_OR_FIELD,JSON null if present
data/figure_source_data/b3dd27256ddb_snapshot_metadata.json,checkpoint,str,scalar or nested JSON,Checkpoint locator captured in the source metadata,path,VERIFIED_FROM_MANUSCRIPT_OR_FIELD,JSON null if present
data/figure_source_data/b3dd27256ddb_snapshot_metadata.json,times,list,scalar or nested JSON,Nested list of selected snapshot tags and physical times,JSON object,VERIFIED_FROM_MANUSCRIPT_OR_FIELD,JSON null if present
data/figure_source_data/c22006814136_paired.csv,case,CSV text/parsed scalar,48 rows,Physical-case identifier (H or K),identifier,VERIFIED_FROM_MANUSCRIPT_OR_FIELD,Blank/NaN values retain evaluator meaning; consult generating code
data/figure_source_data/c22006814136_paired.csv,grid,CSV text/parsed scalar,48 rows,Evaluation-grid identifier,identifier,VERIFIED_FROM_MANUSCRIPT_OR_FIELD,Blank/NaN values retain evaluator meaning; consult generating code
data/figure_source_data/c22006814136_paired.csv,mapping,CSV text/parsed scalar,48 rows,Reference-to-evaluation-grid mapping method,identifier,VERIFIED_FROM_MANUSCRIPT_OR_FIELD,Blank/NaN values retain evaluator meaning; consult generating code
data/figure_source_data/c22006814136_paired.csv,seed,CSV text/parsed scalar,48 rows,Training random seed,identifier,VERIFIED_FROM_MANUSCRIPT_OR_FIELD,Blank/NaN values retain evaluator meaning; consult generating code
data/figure_source_data/c22006814136_paired.csv,deletion_relative_change_percent,CSV text/parsed scalar,48 rows,Percentage quantity identified by the originating evaluator,%,UNIT_VERIFIED_DEFINITION_DERIVED,Blank/NaN values retain evaluator meaning; consult generating code
data/figure_source_data/c85eab6edbf4_middle.npz,X,float64,500x500,Cartesian x-coordinate on the 500 x 500 display grid,m,VERIFIED_FROM_MANUSCRIPT_OR_FIELD,None
data/figure_source_data/c85eab6edbf4_middle.npz,Y,float64,500x500,Cartesian y-coordinate on the 500 x 500 display grid,m,VERIFIED_FROM_MANUSCRIPT_OR_FIELD,None
data/figure_source_data/c85eab6edbf4_middle.npz,p_true,float64,500x500,IC-FERST reference pressure,Pa,VERIFIED_FROM_MANUSCRIPT_OR_FIELD,4004 NaN values; in 500 x 500 fields these mask excluded well interiors
data/figure_source_data/c85eab6edbf4_middle.npz,p_pred,float64,500x500,PINN-predicted physical pressure,Pa,VERIFIED_FROM_MANUSCRIPT_OR_FIELD,4004 NaN values; in 500 x 500 fields these mask excluded well interiors
data/figure_source_data/c85eab6edbf4_middle.npz,p_error,float64,500x500,"Signed pressure error, prediction minus reference",Pa,VERIFIED_FROM_MANUSCRIPT_OR_FIELD,4004 NaN values; in 500 x 500 fields these mask excluded well interiors
data/figure_source_data/c85eab6edbf4_middle.npz,S_true,float64,500x500,IC-FERST reference CO2 saturation,1,VERIFIED_FROM_MANUSCRIPT_OR_FIELD,4004 NaN values; in 500 x 500 fields these mask excluded well interiors
data/figure_source_data/c85eab6edbf4_middle.npz,S_pred,float64,500x500,PINN-predicted CO2 saturation,1,VERIFIED_FROM_MANUSCRIPT_OR_FIELD,4004 NaN values; in 500 x 500 fields these mask excluded well interiors
data/figure_source_data/c85eab6edbf4_middle.npz,S_error,float64,500x500,"Signed CO2-saturation error, prediction minus reference",1,VERIFIED_FROM_MANUSCRIPT_OR_FIELD,4004 NaN values; in 500 x 500 fields these mask excluded well interiors
data/figure_source_data/c85eab6edbf4_middle.npz,time_seconds,float64,scalar,Physical simulation time,s,VERIFIED_FROM_MANUSCRIPT_OR_FIELD,None
data/figure_source_data/c85eab6edbf4_middle.npz,time_display,float64,scalar,Physical simulation time in the unit named by time_unit,see time_unit,VERIFIED_FROM_MANUSCRIPT_OR_FIELD,None
data/figure_source_data/c85eab6edbf4_middle.npz,time_unit,<U4,scalar,Unit label for time_display,text,VERIFIED_FROM_MANUSCRIPT_OR_FIELD,None
data/figure_source_data/c9809f839f83_snapshot_grid.npz,X,float64,500x500,Cartesian x-coordinate on the 500 x 500 display grid,m,VERIFIED_FROM_MANUSCRIPT_OR_FIELD,None
data/figure_source_data/c9809f839f83_snapshot_grid.npz,Y,float64,500x500,Cartesian y-coordinate on the 500 x 500 display grid,m,VERIFIED_FROM_MANUSCRIPT_OR_FIELD,None
data/figure_source_data/c9809f839f83_snapshot_grid.npz,p_true,float64,500x500,IC-FERST reference pressure,Pa,VERIFIED_FROM_MANUSCRIPT_OR_FIELD,4004 NaN values; in 500 x 500 fields these mask excluded well interiors
data/figure_source_data/c9809f839f83_snapshot_grid.npz,p_pred,float64,500x500,PINN-predicted physical pressure,Pa,VERIFIED_FROM_MANUSCRIPT_OR_FIELD,4004 NaN values; in 500 x 500 fields these mask excluded well interiors
data/figure_source_data/c9809f839f83_snapshot_grid.npz,p_error,float64,500x500,"Signed pressure error, prediction minus reference",Pa,VERIFIED_FROM_MANUSCRIPT_OR_FIELD,4004 NaN values; in 500 x 500 fields these mask excluded well interiors
data/figure_source_data/c9809f839f83_snapshot_grid.npz,S_true,float64,500x500,IC-FERST reference CO2 saturation,1,VERIFIED_FROM_MANUSCRIPT_OR_FIELD,4004 NaN values; in 500 x 500 fields these mask excluded well interiors
data/figure_source_data/c9809f839f83_snapshot_grid.npz,S_pred,float64,500x500,PINN-predicted CO2 saturation,1,VERIFIED_FROM_MANUSCRIPT_OR_FIELD,4004 NaN values; in 500 x 500 fields these mask excluded well interiors
data/figure_source_data/c9809f839f83_snapshot_grid.npz,S_error,float64,500x500,"Signed CO2-saturation error, prediction minus reference",1,VERIFIED_FROM_MANUSCRIPT_OR_FIELD,4004 NaN values; in 500 x 500 fields these mask excluded well interiors
data/figure_source_data/c9809f839f83_snapshot_grid.npz,time_seconds,float64,scalar,Physical simulation time,s,VERIFIED_FROM_MANUSCRIPT_OR_FIELD,None
data/figure_source_data/c9809f839f83_snapshot_grid.npz,time_display,float64,scalar,Physical simulation time in the unit named by time_unit,see time_unit,VERIFIED_FROM_MANUSCRIPT_OR_FIELD,None
data/figure_source_data/c9809f839f83_snapshot_grid.npz,time_unit,<U4,scalar,Unit label for time_display,text,VERIFIED_FROM_MANUSCRIPT_OR_FIELD,None
data/figure_source_data/ce42de22cb58_BL_by_seed.csv,study,CSV text/parsed scalar,104 rows,Study identifier,identifier,VERIFIED_FROM_MANUSCRIPT_OR_FIELD,Blank/NaN values retain evaluator meaning; consult generating code
data/figure_source_data/ce42de22cb58_BL_by_seed.csv,run_id,CSV text/parsed scalar,104 rows,Archived run identifier,identifier,VERIFIED_FROM_MANUSCRIPT_OR_FIELD,Blank/NaN values retain evaluator meaning; consult generating code
data/figure_source_data/ce42de22cb58_BL_by_seed.csv,exp,CSV text/parsed scalar,104 rows,One-dimensional experiment identifier,identifier,VERIFIED_FROM_MANUSCRIPT_OR_FIELD,Blank/NaN values retain evaluator meaning; consult generating code
data/figure_source_data/ce42de22cb58_BL_by_seed.csv,seed,CSV text/parsed scalar,104 rows,Training random seed,identifier,VERIFIED_FROM_MANUSCRIPT_OR_FIELD,Blank/NaN values retain evaluator meaning; consult generating code
data/figure_source_data/ce42de22cb58_BL_by_seed.csv,n_labels,CSV text/parsed scalar,104 rows,Count or iteration index identified by the originating evaluator,count,DERIVED_FROM_FIELD_NAME,Blank/NaN values retain evaluator meaning; consult generating code
data/figure_source_data/ce42de22cb58_BL_by_seed.csv,fourier,CSV text/parsed scalar,104 rows,Boolean configuration or validity flag,boolean,DERIVED_FROM_FIELD_NAME,Blank/NaN values retain evaluator meaning; consult generating code
data/figure_source_data/ce42de22cb58_BL_by_seed.csv,use_rar,CSV text/parsed scalar,104 rows,Boolean configuration or validity flag,boolean,DERIVED_FROM_FIELD_NAME,Blank/NaN values retain evaluator meaning; consult generating code
data/figure_source_data/ce42de22cb58_BL_by_seed.csv,use_fv,CSV text/parsed scalar,104 rows,Boolean configuration or validity flag,boolean,DERIVED_FROM_FIELD_NAME,Blank/NaN values retain evaluator meaning; consult generating code
data/figure_source_data/ce42de22cb58_BL_by_seed.csv,rar_points,CSV text/parsed scalar,104 rows,Count or iteration index identified by the originating evaluator,count,DERIVED_FROM_FIELD_NAME,Blank/NaN values retain evaluator meaning; consult generating code
data/figure_source_data/ce42de22cb58_BL_by_seed.csv,fv_cells,CSV text/parsed scalar,104 rows,Count or iteration index identified by the originating evaluator,count,DERIVED_FROM_FIELD_NAME,Blank/NaN values retain evaluator meaning; consult generating code
data/figure_source_data/ce42de22cb58_BL_by_seed.csv,relL2_S,CSV text/parsed scalar,104 rows,CO2-saturation relative L2 error,1,VERIFIED_FROM_MANUSCRIPT_OR_FIELD,Blank/NaN values retain evaluator meaning; consult generating code
data/figure_source_data/ce42de22cb58_BL_by_seed.csv,front_band_RMSE,CSV text/parsed scalar,104 rows,Dimensionless or normalized diagnostic; exact normalization is defined in the originating evaluator,1,DERIVED_REQUIRES_EVALUATOR_REFERENCE,Blank/NaN values retain evaluator meaning; consult generating code
data/figure_source_data/ce42de22cb58_BL_by_seed.csv,E_front_shockpos,CSV text/parsed scalar,104 rows,Root-mean-square shock-position error in the nondimensional one-dimensional problem,1,VERIFIED_FROM_MANUSCRIPT_OR_FIELD,Blank/NaN values retain evaluator meaning; consult generating code
data/figure_source_data/ce42de22cb58_BL_by_seed.csv,E_bt,CSV text/parsed scalar,104 rows,Absolute breakthrough-time error in the nondimensional one-dimensional problem,1,VERIFIED_FROM_MANUSCRIPT_OR_FIELD,Blank/NaN values retain evaluator meaning; consult generating code
data/figure_source_data/ce42de22cb58_BL_by_seed.csv,W_front_pred,CSV text/parsed scalar,104 rows,Predicted front thickness in the nondimensional one-dimensional problem,1,VERIFIED_FROM_MANUSCRIPT_OR_FIELD,Blank/NaN values retain evaluator meaning; consult generating code
data/figure_source_data/ce42de22cb58_BL_by_seed.csv,S_star,CSV text/parsed scalar,104 rows,Analytical Welge shock saturation,1,VERIFIED_FROM_MANUSCRIPT_OR_FIELD,Blank/NaN values retain evaluator meaning; consult generating code
data/figure_source_data/ce42de22cb58_BL_by_seed.csv,v_shock,CSV text/parsed scalar,104 rows,Analytical nondimensional shock speed,1,VERIFIED_FROM_MANUSCRIPT_OR_FIELD,Blank/NaN values retain evaluator meaning; consult generating code
data/figure_source_data/ce42de22cb58_BL_by_seed.csv,t_bt_true,CSV text/parsed scalar,104 rows,Analytical nondimensional breakthrough time,1,VERIFIED_FROM_MANUSCRIPT_OR_FIELD,Blank/NaN values retain evaluator meaning; consult generating code
data/figure_source_data/db86ff9f9828_snapshot_grid.npz,X,float64,500x500,Cartesian x-coordinate on the 500 x 500 display grid,m,VERIFIED_FROM_MANUSCRIPT_OR_FIELD,None
data/figure_source_data/db86ff9f9828_snapshot_grid.npz,Y,float64,500x500,Cartesian y-coordinate on the 500 x 500 display grid,m,VERIFIED_FROM_MANUSCRIPT_OR_FIELD,None
data/figure_source_data/db86ff9f9828_snapshot_grid.npz,p_true,float64,500x500,IC-FERST reference pressure,Pa,VERIFIED_FROM_MANUSCRIPT_OR_FIELD,4004 NaN values; in 500 x 500 fields these mask excluded well interiors
data/figure_source_data/db86ff9f9828_snapshot_grid.npz,p_pred,float64,500x500,PINN-predicted physical pressure,Pa,VERIFIED_FROM_MANUSCRIPT_OR_FIELD,4004 NaN values; in 500 x 500 fields these mask excluded well interiors
data/figure_source_data/db86ff9f9828_snapshot_grid.npz,p_error,float64,500x500,"Signed pressure error, prediction minus reference",Pa,VERIFIED_FROM_MANUSCRIPT_OR_FIELD,4004 NaN values; in 500 x 500 fields these mask excluded well interiors
data/figure_source_data/db86ff9f9828_snapshot_grid.npz,S_true,float64,500x500,IC-FERST reference CO2 saturation,1,VERIFIED_FROM_MANUSCRIPT_OR_FIELD,4004 NaN values; in 500 x 500 fields these mask excluded well interiors
data/figure_source_data/db86ff9f9828_snapshot_grid.npz,S_pred,float64,500x500,PINN-predicted CO2 saturation,1,VERIFIED_FROM_MANUSCRIPT_OR_FIELD,4004 NaN values; in 500 x 500 fields these mask excluded well interiors
data/figure_source_data/db86ff9f9828_snapshot_grid.npz,S_error,float64,500x500,"Signed CO2-saturation error, prediction minus reference",1,VERIFIED_FROM_MANUSCRIPT_OR_FIELD,4004 NaN values; in 500 x 500 fields these mask excluded well interiors
data/figure_source_data/db86ff9f9828_snapshot_grid.npz,time_seconds,float64,scalar,Physical simulation time,s,VERIFIED_FROM_MANUSCRIPT_OR_FIELD,None
data/figure_source_data/db86ff9f9828_snapshot_grid.npz,time_display,float64,scalar,Physical simulation time in the unit named by time_unit,see time_unit,VERIFIED_FROM_MANUSCRIPT_OR_FIELD,None
data/figure_source_data/db86ff9f9828_snapshot_grid.npz,time_unit,<U4,scalar,Unit label for time_display,text,VERIFIED_FROM_MANUSCRIPT_OR_FIELD,None
data/figure_source_data/e6940405d98e_snapshot_metadata.json,label,str,scalar or nested JSON,Display label,text,VERIFIED_FROM_MANUSCRIPT_OR_FIELD,JSON null if present
data/figure_source_data/e6940405d98e_snapshot_metadata.json,run_id,str,scalar or nested JSON,Archived run identifier,identifier,VERIFIED_FROM_MANUSCRIPT_OR_FIELD,JSON null if present
data/figure_source_data/e6940405d98e_snapshot_metadata.json,exp_name,str,scalar or nested JSON,Experiment identifier,identifier,VERIFIED_FROM_MANUSCRIPT_OR_FIELD,JSON null if present
data/figure_source_data/e6940405d98e_snapshot_metadata.json,training_strategy,str,scalar or nested JSON,Training-strategy identifier,identifier,VERIFIED_FROM_MANUSCRIPT_OR_FIELD,JSON null if present
data/figure_source_data/e6940405d98e_snapshot_metadata.json,leave_out,str,scalar or nested JSON,Leave-one-out component identifier,identifier,VERIFIED_FROM_MANUSCRIPT_OR_FIELD,JSON null if present
data/figure_source_data/e6940405d98e_snapshot_metadata.json,checkpoint,str,scalar or nested JSON,Checkpoint locator captured in the source metadata,path,VERIFIED_FROM_MANUSCRIPT_OR_FIELD,JSON null if present
data/figure_source_data/e6940405d98e_snapshot_metadata.json,times,list,scalar or nested JSON,Nested list of selected snapshot tags and physical times,JSON object,VERIFIED_FROM_MANUSCRIPT_OR_FIELD,JSON null if present
data/figure_source_data/ef3eb1e88390_snapshot_grid.npz,X,float64,500x500,Cartesian x-coordinate on the 500 x 500 display grid,m,VERIFIED_FROM_MANUSCRIPT_OR_FIELD,None
data/figure_source_data/ef3eb1e88390_snapshot_grid.npz,Y,float64,500x500,Cartesian y-coordinate on the 500 x 500 display grid,m,VERIFIED_FROM_MANUSCRIPT_OR_FIELD,None
data/figure_source_data/ef3eb1e88390_snapshot_grid.npz,p_true,float64,500x500,IC-FERST reference pressure,Pa,VERIFIED_FROM_MANUSCRIPT_OR_FIELD,4004 NaN values; in 500 x 500 fields these mask excluded well interiors
data/figure_source_data/ef3eb1e88390_snapshot_grid.npz,p_pred,float64,500x500,PINN-predicted physical pressure,Pa,VERIFIED_FROM_MANUSCRIPT_OR_FIELD,4004 NaN values; in 500 x 500 fields these mask excluded well interiors
data/figure_source_data/ef3eb1e88390_snapshot_grid.npz,p_error,float64,500x500,"Signed pressure error, prediction minus reference",Pa,VERIFIED_FROM_MANUSCRIPT_OR_FIELD,4004 NaN values; in 500 x 500 fields these mask excluded well interiors
data/figure_source_data/ef3eb1e88390_snapshot_grid.npz,S_true,float64,500x500,IC-FERST reference CO2 saturation,1,VERIFIED_FROM_MANUSCRIPT_OR_FIELD,4004 NaN values; in 500 x 500 fields these mask excluded well interiors
data/figure_source_data/ef3eb1e88390_snapshot_grid.npz,S_pred,float64,500x500,PINN-predicted CO2 saturation,1,VERIFIED_FROM_MANUSCRIPT_OR_FIELD,4004 NaN values; in 500 x 500 fields these mask excluded well interiors
data/figure_source_data/ef3eb1e88390_snapshot_grid.npz,S_error,float64,500x500,"Signed CO2-saturation error, prediction minus reference",1,VERIFIED_FROM_MANUSCRIPT_OR_FIELD,4004 NaN values; in 500 x 500 fields these mask excluded well interiors
data/figure_source_data/ef3eb1e88390_snapshot_grid.npz,time_seconds,float64,scalar,Physical simulation time,s,VERIFIED_FROM_MANUSCRIPT_OR_FIELD,None
data/figure_source_data/ef3eb1e88390_snapshot_grid.npz,time_display,float64,scalar,Physical simulation time in the unit named by time_unit,see time_unit,VERIFIED_FROM_MANUSCRIPT_OR_FIELD,None
data/figure_source_data/ef3eb1e88390_snapshot_grid.npz,time_unit,<U4,scalar,Unit label for time_display,text,VERIFIED_FROM_MANUSCRIPT_OR_FIELD,None
data/figure_source_data/f56ffcc4b9d5_summary_heldout_front_timing.csv,run_id,CSV text/parsed scalar,68 rows,Archived run identifier,identifier,VERIFIED_FROM_MANUSCRIPT_OR_FIELD,Blank/NaN values retain evaluator meaning; consult generating code
data/figure_source_data/f56ffcc4b9d5_summary_heldout_front_timing.csv,exp_name,CSV text/parsed scalar,68 rows,Experiment identifier,identifier,VERIFIED_FROM_MANUSCRIPT_OR_FIELD,Blank/NaN values retain evaluator meaning; consult generating code
data/figure_source_data/f56ffcc4b9d5_summary_heldout_front_timing.csv,training_strategy,CSV text/parsed scalar,68 rows,Training-strategy identifier,identifier,VERIFIED_FROM_MANUSCRIPT_OR_FIELD,Blank/NaN values retain evaluator meaning; consult generating code
data/figure_source_data/f56ffcc4b9d5_summary_heldout_front_timing.csv,leave_out,CSV text/parsed scalar,68 rows,Leave-one-out component identifier,identifier,VERIFIED_FROM_MANUSCRIPT_OR_FIELD,Blank/NaN values retain evaluator meaning; consult generating code
data/figure_source_data/f56ffcc4b9d5_summary_heldout_front_timing.csv,seed,CSV text/parsed scalar,68 rows,Training random seed,identifier,VERIFIED_FROM_MANUSCRIPT_OR_FIELD,Blank/NaN values retain evaluator meaning; consult generating code
data/figure_source_data/f56ffcc4b9d5_summary_heldout_front_timing.csv,heldout_relL2_S,CSV text/parsed scalar,68 rows,Held-out CO2-saturation relative L2 error,1,VERIFIED_FROM_MANUSCRIPT_OR_FIELD,Blank/NaN values retain evaluator meaning; consult generating code
data/figure_source_data/f56ffcc4b9d5_summary_heldout_front_timing.csv,heldout_relL2_S_front,CSV text/parsed scalar,68 rows,Held-out front-region saturation relative L2 error,1,VERIFIED_FROM_MANUSCRIPT_OR_FIELD,Blank/NaN values retain evaluator meaning; consult generating code
data/figure_source_data/f56ffcc4b9d5_summary_heldout_front_timing.csv,heldout_relL2_p_tilde,CSV text/parsed scalar,68 rows,Held-out nondimensional-pressure relative L2 error,1,VERIFIED_FROM_MANUSCRIPT_OR_FIELD,Blank/NaN values retain evaluator meaning; consult generating code
data/figure_source_data/f56ffcc4b9d5_summary_heldout_front_timing.csv,insample_relL2_S,CSV text/parsed scalar,68 rows,In-sample CO2-saturation relative L2 error,1,VERIFIED_FROM_MANUSCRIPT_OR_FIELD,Blank/NaN values retain evaluator meaning; consult generating code
data/figure_source_data/f56ffcc4b9d5_summary_heldout_front_timing.csv,insample_to_heldout_gap_S,CSV text/parsed scalar,68 rows,Held-out minus in-sample CO2-saturation relative L2 error,1,VERIFIED_FROM_MANUSCRIPT_OR_FIELD,Blank/NaN values retain evaluator meaning; consult generating code
data/figure_source_data/f56ffcc4b9d5_summary_heldout_front_timing.csv,bt_abs_error,CSV text/parsed scalar,68 rows,Absolute producer-probe breakthrough-time error,s,VERIFIED_FROM_MANUSCRIPT_OR_FIELD,Blank/NaN values retain evaluator meaning; consult generating code
data/figure_source_data/f56ffcc4b9d5_summary_heldout_front_timing.csv,bt_rel_error,CSV text/parsed scalar,68 rows,Relative producer-probe breakthrough-time error,1,VERIFIED_FROM_MANUSCRIPT_OR_FIELD,Blank/NaN values retain evaluator meaning; consult generating code
data/figure_source_data/f56ffcc4b9d5_summary_heldout_front_timing.csv,checkpoint_data_holdout,CSV text/parsed scalar,68 rows,Checkpoint flag recording whether data holdout was used,boolean,VERIFIED_FROM_MANUSCRIPT_OR_FIELD,Blank/NaN values retain evaluator meaning; consult generating code
data/figure_source_data/f56ffcc4b9d5_summary_heldout_front_timing.csv,holdout_spec_match,CSV text/parsed scalar,68 rows,Flag that the checkpoint holdout specification matches the requested evaluation,boolean,VERIFIED_FROM_MANUSCRIPT_OR_FIELD,Blank/NaN values retain evaluator meaning; consult generating code
data/figure_source_data/f56ffcc4b9d5_summary_heldout_front_timing.csv,holdout_spec_note,CSV text/parsed scalar,68 rows,Text note describing holdout-specification matching,text,VERIFIED_FROM_MANUSCRIPT_OR_FIELD,Blank/NaN values retain evaluator meaning; consult generating code
data/figure_source_data/f56ffcc4b9d5_summary_heldout_front_timing.csv,W_front_ratio_mean,CSV text/parsed scalar,68 rows,Dimensionless or normalized diagnostic; exact normalization is defined in the originating evaluator,1,DERIVED_REQUIRES_EVALUATOR_REFERENCE,Blank/NaN values retain evaluator meaning; consult generating code
data/figure_source_data/f56ffcc4b9d5_summary_heldout_front_timing.csv,W_front_ratio_1090_mean,CSV text/parsed scalar,68 rows,Dimensionless or normalized diagnostic; exact normalization is defined in the originating evaluator,1,DERIVED_REQUIRES_EVALUATOR_REFERENCE,Blank/NaN values retain evaluator meaning; consult generating code
data/figure_source_data/f56ffcc4b9d5_summary_heldout_front_timing.csv,front_width_ratio_1090_mean,CSV text/parsed scalar,68 rows,Dimensionless or normalized diagnostic; exact normalization is defined in the originating evaluator,1,DERIVED_REQUIRES_EVALUATOR_REFERENCE,Blank/NaN values retain evaluator meaning; consult generating code
data/figure_source_data/f56ffcc4b9d5_summary_heldout_front_timing.csv,W_front_ratio_recommended_mean,CSV text/parsed scalar,68 rows,Dimensionless or normalized diagnostic; exact normalization is defined in the originating evaluator,1,DERIVED_REQUIRES_EVALUATOR_REFERENCE,Blank/NaN values retain evaluator meaning; consult generating code
data/figure_source_data/f56ffcc4b9d5_summary_heldout_front_timing.csv,W_front_abs_rel_error_1090_mean,CSV text/parsed scalar,68 rows,Mean absolute error of the predicted/reference 10-90% front-width ratio,1,VERIFIED_FROM_MANUSCRIPT_OR_FIELD,Blank/NaN values retain evaluator meaning; consult generating code
data/figure_source_data/f56ffcc4b9d5_summary_heldout_front_timing.csv,front_inverse_slope_width_ratio_mean,CSV text/parsed scalar,68 rows,Dimensionless or normalized diagnostic; exact normalization is defined in the originating evaluator,1,DERIVED_REQUIRES_EVALUATOR_REFERENCE,Blank/NaN values retain evaluator meaning; consult generating code
data/figure_source_data/f56ffcc4b9d5_summary_heldout_front_timing.csv,W_front_ratio_legacy_grad_mean,CSV text/parsed scalar,68 rows,Dimensionless or normalized diagnostic; exact normalization is defined in the originating evaluator,1,DERIVED_REQUIRES_EVALUATOR_REFERENCE,Blank/NaN values retain evaluator meaning; consult generating code
data/figure_source_data/f56ffcc4b9d5_summary_heldout_front_timing.csv,W_front_ratio_grad_mean,CSV text/parsed scalar,68 rows,Dimensionless or normalized diagnostic; exact normalization is defined in the originating evaluator,1,DERIVED_REQUIRES_EVALUATOR_REFERENCE,Blank/NaN values retain evaluator meaning; consult generating code
data/figure_source_data/f56ffcc4b9d5_summary_heldout_front_timing.csv,front_sharpness_ratio_mean,CSV text/parsed scalar,68 rows,Dimensionless or normalized diagnostic; exact normalization is defined in the originating evaluator,1,DERIVED_REQUIRES_EVALUATOR_REFERENCE,Blank/NaN values retain evaluator meaning; consult generating code
data/figure_source_data/f56ffcc4b9d5_summary_heldout_front_timing.csv,front_position_signed_error_mid_mean,CSV text/parsed scalar,68 rows,Mean signed mid-jump front-position error,m,VERIFIED_FROM_MANUSCRIPT_OR_FIELD,Blank/NaN values retain evaluator meaning; consult generating code
data/figure_source_data/f56ffcc4b9d5_summary_heldout_front_timing.csv,front_position_abs_error_mid_mean,CSV text/parsed scalar,68 rows,Mean absolute mid-jump front-position error,m,VERIFIED_FROM_MANUSCRIPT_OR_FIELD,Blank/NaN values retain evaluator meaning; consult generating code
data/figure_source_data/f56ffcc4b9d5_summary_heldout_front_timing.csv,front_position_rel_error_mid_mean,CSV text/parsed scalar,68 rows,Mean mid-jump front-position error normalized by ray span,1,VERIFIED_FROM_MANUSCRIPT_OR_FIELD,Blank/NaN values retain evaluator meaning; consult generating code
data/figure_source_data/f56ffcc4b9d5_summary_heldout_front_timing.csv,front_position_abs_error_maxgrad_mean,CSV text/parsed scalar,68 rows,Mean absolute maximum-gradient front-position error,m,VERIFIED_FROM_MANUSCRIPT_OR_FIELD,Blank/NaN values retain evaluator meaning; consult generating code
data/figure_source_data/fbf058ba7cfc_holdout_by_seed.csv,partition,CSV text/parsed scalar,112 rows,Label-partition identifier,identifier,VERIFIED_FROM_MANUSCRIPT_OR_FIELD,Blank/NaN values retain evaluator meaning; consult generating code
data/figure_source_data/fbf058ba7cfc_holdout_by_seed.csv,run_id,CSV text/parsed scalar,112 rows,Archived run identifier,identifier,VERIFIED_FROM_MANUSCRIPT_OR_FIELD,Blank/NaN values retain evaluator meaning; consult generating code
data/figure_source_data/fbf058ba7cfc_holdout_by_seed.csv,exp_name,CSV text/parsed scalar,112 rows,Experiment identifier,identifier,VERIFIED_FROM_MANUSCRIPT_OR_FIELD,Blank/NaN values retain evaluator meaning; consult generating code
data/figure_source_data/fbf058ba7cfc_holdout_by_seed.csv,training_strategy,CSV text/parsed scalar,112 rows,Training-strategy identifier,identifier,VERIFIED_FROM_MANUSCRIPT_OR_FIELD,Blank/NaN values retain evaluator meaning; consult generating code
data/figure_source_data/fbf058ba7cfc_holdout_by_seed.csv,leave_out,CSV text/parsed scalar,112 rows,Leave-one-out component identifier,identifier,VERIFIED_FROM_MANUSCRIPT_OR_FIELD,Blank/NaN values retain evaluator meaning; consult generating code
data/figure_source_data/fbf058ba7cfc_holdout_by_seed.csv,seed,CSV text/parsed scalar,112 rows,Training random seed,identifier,VERIFIED_FROM_MANUSCRIPT_OR_FIELD,Blank/NaN values retain evaluator meaning; consult generating code
data/figure_source_data/fbf058ba7cfc_holdout_by_seed.csv,split,CSV text/parsed scalar,112 rows,Label split identifier,identifier,VERIFIED_FROM_MANUSCRIPT_OR_FIELD,Blank/NaN values retain evaluator meaning; consult generating code
data/figure_source_data/fbf058ba7cfc_holdout_by_seed.csv,n,CSV text/parsed scalar,112 rows,Number of observations contributing to the summary,count,VERIFIED_FROM_MANUSCRIPT_OR_FIELD,Blank/NaN values retain evaluator meaning; consult generating code
data/figure_source_data/fbf058ba7cfc_holdout_by_seed.csv,relL2_S,CSV text/parsed scalar,112 rows,CO2-saturation relative L2 error,1,VERIFIED_FROM_MANUSCRIPT_OR_FIELD,Blank/NaN values retain evaluator meaning; consult generating code
data/figure_source_data/fbf058ba7cfc_holdout_by_seed.csv,rmse_S,CSV text/parsed scalar,112 rows,Dimensionless or normalized diagnostic; exact normalization is defined in the originating evaluator,1,DERIVED_REQUIRES_EVALUATOR_REFERENCE,Blank/NaN values retain evaluator meaning; consult generating code
data/figure_source_data/fbf058ba7cfc_holdout_by_seed.csv,relL2_p_tilde,CSV text/parsed scalar,112 rows,Nondimensional-pressure relative L2 error,1,VERIFIED_FROM_MANUSCRIPT_OR_FIELD,Blank/NaN values retain evaluator meaning; consult generating code
data/figure_source_data/fbf058ba7cfc_holdout_by_seed.csv,rmse_p_tilde,CSV text/parsed scalar,112 rows,Dimensionless or normalized diagnostic; exact normalization is defined in the originating evaluator,1,DERIVED_REQUIRES_EVALUATOR_REFERENCE,Blank/NaN values retain evaluator meaning; consult generating code
data/figure_source_data/fbf058ba7cfc_holdout_by_seed.csv,relL2_S_front,CSV text/parsed scalar,112 rows,Front-region CO2-saturation relative L2 error,1,VERIFIED_FROM_MANUSCRIPT_OR_FIELD,Blank/NaN values retain evaluator meaning; consult generating code
data/figure_source_data/fbf058ba7cfc_holdout_by_seed.csv,rmse_S_front,CSV text/parsed scalar,112 rows,Dimensionless or normalized diagnostic; exact normalization is defined in the originating evaluator,1,DERIVED_REQUIRES_EVALUATOR_REFERENCE,Blank/NaN values retain evaluator meaning; consult generating code
data/figure_source_data/fbf058ba7cfc_holdout_by_seed.csv,n_front,CSV text/parsed scalar,112 rows,Count or iteration index identified by the originating evaluator,count,DERIVED_FROM_FIELD_NAME,Blank/NaN values retain evaluator meaning; consult generating code
